date,avg (temperature),max (temperature),min (temperature),avg (humidity),max (humidity),min (humidity),power,label,avg(wind speed),avg(local pressure),avg(cloud cover),avg(ground temperature),avg(evaporation volume),sun_rise,sun_max,sun_set,day_duration,night_duration,day_avg_temperature_app,night_avg_temperature_app,Nitrogen Dioxide Concentration (ppm),Ozone Concentration (ppm),Carbon Monoxide Concentration (ppm),Sulfur Dioxide Concentration (ppm),Particulate Matter (㎍/㎥),Fine Particulate Matter (㎍/㎥),AQI
2021-01-01,-4.45,1.4,-9.7,64.87,75,52,242.75,0,2.7,1019.8,1.3,6.3,1.6,7:47,12:35:14,17:24,0 days 09:37:00,0 days 14:23:00,-1.525,-7.074999999999999,0.023,0.013,0.5,0.003,32.0,13.0,93.0
2021-01-02,-4.79,-1.5,-8.3,38.43,50,31,229.78,0,2.5,1021.0,0.0,6.2,1.3,7:47,12:35:42,17:25,0 days 09:38:00,0 days 14:22:00,-3.145,-6.545,0.015,0.019,0.4,0.003,44.0,9.0,122.0
2021-01-03,-5.59,-2.3,-9.0,44.39,58,30,252.5,0,1.8,1019.5,0.0,6.1,1.3,7:47,12:36:10,17:25,0 days 09:38:00,0 days 14:22:00,-3.945,-7.295,0.017,0.017,0.4,0.003,46.0,11.0,127.0
2021-01-04,-3.67,0.2,-8.3,48.91,69,40,298.45,0,1.9,1019.5,1.9,6.0,1.5,7:47,12:36:38,17:26,0 days 09:39:00,0 days 14:21:00,-1.735,-5.985,0.033,0.008,0.5,0.003,47.0,19.0,129.0
2021-01-05,-4.96,-2.5,-9.5,53.43,82,31,333.4,0,1.6,1019.6,3.6,5.9,0.9,7:47,12:37:05,17:27,0 days 09:40:00,0 days 14:20:00,-3.73,-7.23,0.018,0.018,0.4,0.003,33.0,12.0,95.0
2021-01-06,-7.25,-2.2,-11.9,53.87,89,25,356.55,0,2.2,1011.1,5.8,5.7,1.0,7:47,12:37:32,17:28,0 days 09:41:00,0 days 14:19:00,-4.725,-9.575,0.024,0.014,0.4,0.003,33.0,11.0,95.0
2021-01-07,-14.06,-9.6,-16.4,50.3,75,37,209.05,0,2.2,1008.7,5.6,5.6,0.6,7:47,12:37:58,17:29,0 days 09:42:00,0 days 14:18:00,-11.83,-15.23,0.011,0.019,0.3,0.003,46.0,9.0,127.0
2021-01-08,-14.9,-11.2,-18.5,44.3,55,35,185.54,0,1.7,1013.9,3.0,5.5,1.2,7:47,12:38:24,17:30,0 days 09:43:00,0 days 14:17:00,-13.05,-16.7,0.013,0.019,0.4,0.004,30.0,8.0,89.0
2021-01-09,-12.25,-7.7,-16.4,44.91,56,37,262.96,0,2.3,1013.8,3.3,5.5,1.5,7:47,12:38:49,17:31,0 days 09:44:00,0 days 14:16:00,-9.975,-14.325,0.017,0.016,0.4,0.004,34.0,13.0,97.0
2021-01-10,-7.89,-2.8,-12.7,53.57,69,38,233.9,0,1.5,1017.6,1.4,5.4,1.5,7:47,12:39:14,17:32,0 days 09:45:00,0 days 14:15:00,-5.345,-10.295,0.03,0.008,0.6,0.004,43.0,19.0,119.0
2021-01-11,-6.76,-4.1,-9.5,62.22,72,51,235.0,0,1.6,1015.0,1.4,5.3,1.6,7:47,12:39:39,17:33,0 days 09:46:00,0 days 14:14:00,-5.43,-8.129999999999999,0.037,0.004,0.7,0.003,50.0,27.0,137.0
2021-01-12,-4.29,-0.7,-9.3,77.57,93,61,287.78,0,2.2,1011.3,1.8,5.3,2.1,7:47,12:40:02,17:34,0 days 09:47:00,0 days 14:13:00,-2.495,-6.795,0.043,0.003,0.7,0.003,64.0,40.0,155.0
2021-01-13,1.84,8.2,-3.0,82.78,95,65,188.77,0,2.5,1000.5,10.0,5.2,0.3,7:47,12:40:25,17:35,0 days 09:48:00,0 days 14:12:00,5.02,-0.58,0.037,0.007,0.7,0.004,111.0,36.0,180.0
2021-01-14,1.64,6.8,-3.4,47.61,70,29,162.54,0,2.5,1003.2,9.8,4.6,0.4,7:46,12:40:48,17:36,0 days 09:50:00,0 days 14:10:00,4.22,-0.88,0.032,0.009,0.6,0.004,101.0,27.0,174.0
2021-01-15,4.78,9.8,0.2,65.57,82,43,192.67,0,2.8,1007.3,10.0,4.6,0.3,7:46,12:41:10,17:37,0 days 09:51:00,0 days 14:09:00,7.290000000000001,2.49,0.036,0.008,0.6,0.004,74.0,33.0,161.0
2021-01-16,-4.48,-1.7,-8.2,58.91,78,39,192.03,0,2.7,1014.4,2.8,4.6,1.2,7:46,12:41:31,17:38,0 days 09:52:00,0 days 14:08:00,-3.0900000000000003,-6.34,0.015,0.019,0.5,0.003,58.0,34.0,152.0
2021-01-17,-5.9,-1.6,-10.8,55.65,86,32,252.82,0,1.8,1015.7,8.8,4.6,0.6,7:45,12:41:52,17:39,0 days 09:54:00,0 days 14:06:00,-3.75,-8.350000000000001,0.013,0.021,0.4,0.003,29.0,13.0,87.0
2021-01-18,-3.27,-0.2,-8.4,66.57,90,34,282.34,0,2.0,1015.3,1.1,4.6,1.5,7:45,12:42:12,17:40,0 days 09:55:00,0 days 14:05:00,-1.735,-5.835,0.022,0.015,0.5,0.003,33.0,15.0,95.0
2021-01-19,-6.44,-0.4,-11.6,38.43,54,20,271.78,0,2.5,1012.1,6.3,4.7,1.1,7:45,12:42:31,17:41,0 days 09:56:00,0 days 14:04:00,-3.4200000000000004,-9.02,0.033,0.009,0.6,0.003,35.0,13.0,99.0
2021-01-20,-0.48,7.1,-6.4,38.35,54,24,244.94,0,3.7,1016.5,0.3,4.7,1.5,7:44,12:42:49,17:42,0 days 09:58:00,0 days 14:02:00,3.31,-3.4400000000000004,0.045,0.005,0.7,0.003,56.0,22.0,151.0
2021-01-21,4.4,6.9,2.7,59.87,96,37,229.24,0,1.8,1019.4,2.0,4.7,1.4,7:44,12:43:07,17:43,0 days 09:59:00,0 days 14:01:00,5.65,3.5500000000000003,0.048,0.002,0.7,0.004,45.0,26.0,124.0
2021-01-22,5.53,6.6,4.9,93.17,97,90,237.99,0,2.6,1015.4,7.5,4.7,0.7,7:43,12:43:24,17:44,0 days 10:01:00,0 days 13:59:00,6.065,5.215,0.036,0.003,0.6,0.003,29.0,22.0,87.0
2021-01-23,7.64,11.9,5.2,67.17,92,50,212.09,0,2.7,1012.7,5.3,4.7,1.3,7:43,12:43:41,17:45,0 days 10:02:00,0 days 13:58:00,9.77,6.42,0.016,0.021,0.4,0.003,9.0,6.0,38.0
2021-01-24,7.47,13.8,2.4,62.91,79,45,249.86,0,4.6,1018.4,1.0,4.6,0.8,7:42,12:43:56,17:46,0 days 10:04:00,0 days 13:56:00,10.635,4.935,0.024,0.017,0.5,0.003,11.0,8.0,46.0
2021-01-25,7.92,13.7,3.0,61.78,83,37,294.44,0,2.1,1019.1,1.6,4.6,1.1,7:42,12:44:11,17:47,0 days 10:05:00,0 days 13:55:00,10.81,5.46,0.039,0.005,0.7,0.004,22.0,14.0,72.0
2021-01-26,5.7,7.1,2.4,79.61,95,65,271.97,0,2.5,1013.0,8.5,4.5,0.5,7:41,12:44:25,17:48,0 days 10:07:00,0 days 13:53:00,6.4,4.05,0.038,0.005,0.7,0.004,34.0,23.0,97.0
2021-01-27,1.88,6.5,-1.8,48.83,85,21,273.1,0,3.5,1012.0,0.0,4.5,1.3,7:40,12:44:38,17:49,0 days 10:09:00,0 days 13:51:00,4.19,0.0399999999999999,0.024,0.015,0.5,0.003,38.0,18.0,107.0
2021-01-28,-1.89,0.9,-8.9,53.65,93,38,259.41,0,2.4,1011.3,1.0,4.4,1.3,7:40,12:44:50,17:51,0 days 10:11:00,0 days 13:49:00,-0.4949999999999999,-5.3950000000000005,0.039,0.002,0.6,0.003,36.0,16.0,102.0
2021-01-29,-8.77,-5.0,-11.6,39.43,49,31,372.36,0,2.6,1008.2,2.5,4.3,1.3,7:39,12:45:02,17:52,0 days 10:13:00,0 days 13:47:00,-6.885,-10.185,0.015,0.019,0.3,0.004,,10.0,16.0
2021-01-30,-1.71,4.9,-6.9,58.22,80,41,304.78,0,2.1,1012.2,0.0,4.2,1.8,7:38,12:45:13,17:53,0 days 10:15:00,0 days 13:45:00,1.5950000000000002,-4.305,0.027,0.008,0.4,0.003,,14.0,25.0
2021-01-31,2.72,8.6,-3.6,57.09,76,35,200.77,0,2.7,1006.8,5.4,4.2,1.0,7:37,12:45:22,17:54,0 days 10:17:00,0 days 13:43:00,5.66,-0.4399999999999999,0.035,0.008,0.6,0.003,,25.0,33.0
2021-02-01,5.87,9.2,0.1,76.74,94,52,209.94,0,3.2,1009.0,2.5,4.1,1.7,7:37,12:45:32,17:55,0 days 10:18:00,0 days 13:42:00,7.535,2.985,0.041,0.005,0.6,0.003,,21.0,39.0
2021-02-02,-5.23,-2.5,-8.2,44.52,75,30,269.17,0,2.5,1015.9,5.5,4.1,1.4,7:36,12:45:40,17:56,0 days 10:20:00,0 days 13:40:00,-3.865,-6.715,0.013,0.02,0.4,0.003,31.0,18.0,91.0
2021-02-03,-3.69,1.2,-9.3,61.43,93,44,190.93,0,2.2,1012.5,3.0,4.0,1.8,7:35,12:45:47,17:57,0 days 10:22:00,0 days 13:38:00,-1.245,-6.495,0.021,0.016,0.4,0.004,29.0,18.0,87.0
2021-02-04,-3.25,0.5,-7.3,50.83,95,30,229.77,0,2.0,1013.9,0.9,4.0,1.7,7:34,12:45:54,17:58,0 days 10:24:00,0 days 13:36:00,-1.375,-5.275,0.023,0.018,0.4,0.004,24.0,15.0,76.0
2021-02-05,0.9,6.1,-4.3,70.78,80,65,191.19,0,1.8,1014.0,2.3,3.9,1.3,7:33,12:45:59,17:59,0 days 10:26:00,0 days 13:34:00,3.5,-1.7,0.035,0.01,0.5,0.004,23.0,14.0,74.0
2021-02-06,6.65,9.4,4.5,79.74,88,74,165.8,0,1.6,1011.6,3.6,3.9,1.3,7:32,12:46:04,18:01,0 days 10:29:00,0 days 13:31:00,8.025,5.575,0.027,0.018,0.5,0.004,56.0,36.0,151.0
2021-02-07,4.3,7.4,-2.0,68.04,95,31,227.0,0,1.5,1010.7,3.4,3.9,1.3,7:31,12:46:08,18:02,0 days 10:31:00,0 days 13:29:00,5.85,1.15,0.016,0.026,0.6,0.003,69.0,45.0,158.0
2021-02-08,-2.91,-0.1,-5.3,43.83,57,30,248.4,0,2.5,1015.7,0.3,3.8,2.1,7:30,12:46:12,18:03,0 days 10:33:00,0 days 13:27:00,-1.505,-4.105,0.014,0.019,0.4,0.004,26.0,17.0,80.0
2021-02-09,-1.1,4.4,-5.9,49.83,65,29,238.13,0,2.5,1015.9,6.5,3.8,,7:29,12:46:14,18:04,0 days 10:35:00,0 days 13:25:00,1.65,-3.5,0.025,0.013,0.5,0.004,21.0,13.0,70.0
2021-02-10,3.05,7.0,-1.4,74.09,86,64,178.77,0,2.2,1010.1,6.1,3.8,0.9,7:28,12:46:16,18:05,0 days 10:37:00,0 days 13:23:00,5.025,0.825,0.034,0.012,0.5,0.004,30.0,21.0,89.0
2021-02-11,5.67,10.8,1.5,71.96,92,48,179.15,0,1.8,1012.7,3.4,3.7,1.3,7:27,12:46:17,18:06,0 days 10:39:00,0 days 13:21:00,8.235,3.585,0.033,0.014,0.6,0.003,54.0,41.0,147.0
2021-02-12,6.56,13.7,0.6,61.35,85,31,254.69,0,1.8,1010.8,6.9,3.7,1.3,7:26,12:46:17,18:07,0 days 10:41:00,0 days 13:19:00,10.13,3.58,0.038,0.016,0.7,0.004,69.0,52.0,158.0
2021-02-13,7.49,15.0,1.0,50.78,73,26,238.74,0,2.3,1007.8,7.3,3.7,1.2,7:25,12:46:16,18:08,0 days 10:43:00,0 days 13:17:00,11.245,4.245,0.045,0.016,0.8,0.004,77.0,57.0,162.0
2021-02-14,9.45,13.7,6.5,46.13,57,32,192.05,0,2.7,1012.1,1.6,3.7,2.3,7:24,12:46:15,18:09,0 days 10:45:00,0 days 13:15:00,11.575,7.975,0.047,0.014,0.8,0.005,84.0,66.0,166.0
2021-02-15,2.03,7.7,-4.9,65.7,94,36,150.55,0,2.5,1017.9,3.9,3.7,2.2,7:23,12:46:13,18:10,0 days 10:47:00,0 days 13:13:00,4.865,-1.4350000000000005,0.022,0.02,0.5,0.003,49.0,35.0,134.0
2021-02-16,-4.92,-1.5,-6.5,60.0,83,38,228.53,0,2.7,1019.3,5.4,3.7,1.0,7:21,12:46:10,18:11,0 days 10:50:00,0 days 13:10:00,-3.21,-5.71,0.017,0.021,0.4,0.003,21.0,13.0,70.0
2021-02-17,-8.21,-5.4,-10.3,44.3,56,34,285.41,0,1.8,1016.5,5.0,3.7,1.8,7:20,12:46:06,18:12,0 days 10:52:00,0 days 13:08:00,-6.805000000000001,-9.255,0.01,0.022,0.3,0.003,39.0,12.0,110.0
2021-02-18,-5.92,-0.7,-10.5,44.17,53,34,265.17,0,1.5,1009.0,9.9,3.8,1.0,7:19,12:46:02,18:14,0 days 10:55:00,0 days 13:05:00,-3.31,-8.21,0.015,0.02,0.4,0.003,40.0,14.0,112.0
2021-02-19,0.99,8.8,-7.0,64.43,81,51,216.91,0,3.3,1008.5,3.9,3.9,2.3,7:18,12:45:57,18:15,0 days 10:57:00,0 days 13:03:00,4.8950000000000005,-3.005,0.03,0.007,0.5,0.003,38.0,20.0,107.0
2021-02-20,8.73,14.8,5.6,60.7,91,26,215.32,0,3.3,1015.7,0.0,4.0,2.4,7:17,12:45:52,18:16,0 days 10:59:00,0 days 13:01:00,11.765,7.165,0.032,0.021,0.6,0.004,58.0,32.0,152.0
2021-02-21,10.78,17.2,4.7,66.09,85,48,195.15,0,2.1,1023.4,0.1,4.2,2.2,7:15,12:45:46,18:17,0 days 11:02:00,0 days 12:58:00,13.989999999999998,7.74,0.03,0.026,0.6,0.004,65.0,40.0,156.0
2021-02-22,8.4,12.3,1.1,60.26,84,25,255.1,0,2.2,1019.0,5.5,4.2,2.4,7:14,12:45:39,18:18,0 days 11:04:00,0 days 12:56:00,10.35,4.75,0.024,0.024,0.5,0.003,50.0,25.0,137.0
2021-02-23,0.18,3.9,-3.1,33.7,43,23,235.1,0,1.9,1013.3,2.5,4.3,2.0,7:13,12:45:32,18:19,0 days 11:06:00,0 days 12:54:00,2.04,-1.46,0.015,0.022,0.4,0.003,50.0,15.0,137.0
2021-02-24,2.76,9.5,-2.8,32.17,44,21,261.58,0,3.0,1013.7,1.8,4.3,2.7,7:12,12:45:24,18:20,0 days 11:08:00,0 days 12:52:00,6.13,-0.02,0.029,0.013,0.5,0.004,44.0,19.0,122.0
2021-02-25,4.11,8.0,0.8,36.0,44,26,216.75,0,2.9,1020.9,0.0,4.4,2.4,7:10,12:45:15,18:21,0 days 11:11:00,0 days 12:49:00,6.055,2.455,0.048,0.003,0.7,0.004,47.0,28.0,129.0
2021-02-26,8.08,15.5,0.7,33.57,47,20,258.44,0,2.1,1025.4,0.0,4.5,2.7,7:09,12:45:06,18:22,0 days 11:13:00,0 days 12:47:00,11.79,4.39,0.027,0.016,0.5,0.004,30.0,19.0,89.0
2021-02-27,9.54,16.1,4.3,48.96,67,33,222.24,0,1.9,1022.9,0.0,4.6,2.9,7:08,12:44:56,18:23,0 days 11:15:00,0 days 12:45:00,12.82,6.92,0.01,0.03,0.3,0.003,16.0,9.0,59.0
2021-02-28,7.65,10.7,3.3,49.22,67,39,156.0,0,2.0,1016.3,5.5,4.7,1.4,7:06,12:44:45,18:24,0 days 11:18:00,0 days 12:42:00,9.175,5.475,0.026,0.015,0.4,0.003,21.0,13.0,70.0
2021-03-01,5.15,8.7,0.6,89.26,100,45,157.27,0,3.1,1011.3,5.4,4.8,2.3,7:03,12:44:23,18:26,0 days 11:23:00,0 days 12:37:00,6.925,2.875,0.019,0.019,0.4,0.003,13.0,9.0,53.0
2021-03-02,2.37,6.4,0.2,75.57,95,48,200.86,0,2.8,1016.6,0.0,4.9,2.8,7:02,12:44:11,18:27,0 days 11:25:00,0 days 12:35:00,4.385,1.285,0.017,0.02,0.4,0.003,9.0,6.0,38.0
2021-03-03,4.23,9.6,-1.2,65.52,93,38,172.11,0,2.1,1016.7,3.8,5.0,1.9,7:01,12:43:58,18:28,0 days 11:27:00,0 days 12:33:00,6.915,1.515,0.035,0.008,0.5,0.003,31.0,18.0,91.0
2021-03-04,7.14,13.0,2.6,62.0,72,50,177.75,0,1.9,1017.8,4.8,5.1,2.0,6:59,12:43:45,18:29,0 days 11:30:00,0 days 12:30:00,10.07,4.87,0.039,0.007,0.5,0.003,35.0,21.0,99.0
2021-03-05,9.06,15.6,3.3,69.13,89,45,198.37,0,1.7,1016.2,0.0,5.3,3.1,6:58,12:43:32,18:30,0 days 11:32:00,0 days 12:28:00,12.33,6.18,0.039,0.006,0.7,0.004,35.0,22.0,99.0
2021-03-06,6.87,11.4,3.6,70.61,92,51,175.83,0,2.1,1012.3,1.1,5.5,3.7,6:56,12:43:18,18:31,0 days 11:35:00,0 days 12:25:00,9.135,5.235,0.018,0.019,0.4,0.003,23.0,15.0,74.0
2021-03-07,6.24,12.1,2.1,61.7,72,44,219.24,0,2.3,1009.1,2.1,5.7,2.8,6:55,12:43:04,18:32,0 days 11:37:00,0 days 12:23:00,9.17,4.17,0.015,0.025,0.4,0.003,20.0,14.0,68.0
2021-03-08,7.07,13.5,1.6,59.48,85,33,203.1,0,2.0,1008.1,7.0,5.9,1.9,6:54,12:42:49,18:33,0 days 11:39:00,0 days 12:21:00,10.285,4.335,0.03,0.015,0.5,0.003,36.0,24.0,102.0
2021-03-09,6.71,12.0,2.4,56.52,77,33,154.87,0,2.3,1004.8,5.1,6.2,1.0,6:52,12:42:34,18:34,0 days 11:42:00,0 days 12:18:00,9.355,4.555,0.035,0.015,0.5,0.003,41.0,29.0,115.0
2021-03-10,8.73,17.0,1.8,62.22,90,30,181.85,0,2.1,1008.0,0.0,6.5,3.3,6:51,12:42:19,18:35,0 days 11:44:00,0 days 12:16:00,12.865,5.265000000000001,0.049,0.012,0.7,0.004,74.0,58.0,161.0
2021-03-11,10.12,16.9,4.8,52.52,80,23,105.78,0,2.4,1010.8,5.9,6.8,4.3,6:49,12:42:03,18:36,0 days 11:47:00,0 days 12:13:00,13.509999999999998,7.459999999999999,0.053,0.018,0.8,0.004,101.0,82.0,174.0
2021-03-12,10.7,14.8,7.7,55.39,68,41,188.84,0,3.7,1009.2,5.9,7.1,1.5,6:48,12:41:47,18:36,0 days 11:48:00,0 days 12:12:00,12.75,9.2,0.035,0.022,0.6,0.003,59.0,43.0,153.0
2021-03-13,9.22,14.0,4.6,62.26,79,42,232.1,0,3.2,1011.5,3.1,7.4,3.0,6:46,12:41:31,18:37,0 days 11:51:00,0 days 12:09:00,11.61,6.91,0.025,0.028,0.5,0.003,48.0,35.0,132.0
2021-03-14,9.23,14.6,5.0,71.39,91,49,179.03,0,2.9,1007.2,3.4,7.4,3.8,6:45,12:41:14,18:38,0 days 11:53:00,0 days 12:07:00,11.915,7.115,0.03,0.021,0.7,0.003,65.0,55.0,156.0
2021-03-15,10.48,15.6,5.1,66.0,87,40,173.35,0,3.0,1009.7,6.4,7.4,1.6,6:43,12:40:57,18:39,0 days 11:56:00,0 days 12:04:00,13.04,7.79,0.031,0.023,0.7,0.004,68.0,57.0,157.0
2021-03-16,8.78,12.6,5.4,53.7,95,27,175.6,0,2.4,1017.9,5.5,7.5,3.0,6:42,12:40:40,18:40,0 days 11:58:00,0 days 12:02:00,10.69,7.09,0.015,0.03,0.4,0.003,65.0,16.0,156.0
2021-03-17,8.8,17.4,1.9,44.83,61,24,246.89,0,1.7,1013.0,8.0,7.6,2.8,6:40,12:40:23,18:41,0 days 12:01:00,0 days 11:59:00,13.1,5.3500000000000005,0.026,0.017,0.4,0.003,86.0,18.0,167.0
2021-03-18,11.43,18.1,5.1,50.74,67,34,216.24,0,2.6,1008.4,1.9,7.6,3.3,6:39,12:40:06,18:42,0 days 12:03:00,0 days 11:57:00,14.765,8.265,0.044,0.014,0.6,0.004,87.0,37.0,167.0
2021-03-19,15.15,20.2,11.6,47.78,61,33,146.38,0,2.1,1009.2,0.4,7.6,3.3,6:37,12:39:48,18:43,0 days 12:06:00,0 days 11:54:00,17.675,13.375,0.028,0.025,0.4,0.003,64.0,24.0,155.0
2021-03-20,10.23,14.2,7.7,72.65,92,44,190.5,0,1.6,1005.2,2.8,7.7,3.9,6:36,12:39:30,18:44,0 days 12:08:00,0 days 11:52:00,12.215,8.965,0.02,0.023,0.4,0.003,25.0,12.0,78.0
2021-03-21,5.97,8.0,3.5,68.52,88,46,125.76,0,1.7,1001.3,1.1,7.8,4.6,6:34,12:39:13,18:45,0 days 12:11:00,0 days 11:49:00,6.984999999999999,4.734999999999999,0.011,0.031,0.4,0.003,40.0,31.0,112.0
2021-03-22,6.11,10.8,1.1,53.87,78,27,190.63,0,1.8,999.1,6.4,8.0,3.8,6:33,12:38:55,18:46,0 days 12:13:00,0 days 11:47:00,8.455,3.605,0.018,0.023,0.3,0.003,37.0,16.0,105.0
2021-03-23,8.9,16.0,2.7,63.61,90,35,203.4,0,2.5,996.2,5.6,8.2,4.1,6:31,12:38:37,18:47,0 days 12:16:00,0 days 11:44:00,12.45,5.800000000000001,0.026,0.022,0.5,0.004,70.0,24.0,158.0
2021-03-24,10.73,16.7,5.9,60.26,80,40,223.46,0,2.3,1004.4,8.0,8.6,3.5,6:30,12:38:19,18:48,0 days 12:18:00,0 days 11:42:00,13.715,8.315000000000001,0.027,0.029,0.4,0.004,53.0,22.0,144.0
2021-03-25,12.22,18.8,7.5,67.22,85,40,296.93,0,2.3,1007.2,4.1,8.9,3.1,6:28,12:38:01,18:49,0 days 12:21:00,0 days 11:39:00,15.510000000000002,9.86,0.033,0.03,0.5,0.004,56.0,27.0,151.0
2021-03-26,12.24,20.6,4.9,60.87,94,27,198.22,0,3.6,1006.8,0.8,9.2,5.4,6:27,12:37:43,18:49,0 days 12:22:00,0 days 11:38:00,16.42,8.57,0.037,0.008,0.6,0.003,65.0,40.0,156.0
2021-03-27,11.91,14.9,10.3,68.57,100,42,166.97,0,2.3,1011.2,1.1,9.4,3.7,6:25,12:37:25,18:50,0 days 12:25:00,0 days 11:35:00,13.405,11.105,0.041,0.017,0.6,0.004,52.0,30.0,142.0
2021-03-28,9.21,12.8,7.7,95.78,100,89,160.76,0,2.1,1013.1,2.9,9.5,3.3,6:24,12:37:07,18:51,0 days 12:27:00,0 days 11:33:00,11.005,8.455,0.016,0.028,0.4,0.003,17.0,13.0,61.0
2021-03-29,10.46,14.2,8.0,63.26,100,34,78.35,0,1.9,1011.6,0.3,9.6,4.4,6:22,12:36:49,18:52,0 days 12:30:00,0 days 11:30:00,12.33,9.23,0.021,0.023,0.5,0.003,289.0,41.0,332.0
2021-03-30,10.75,18.2,4.2,47.78,81,22,276.23,0,2.2,1008.9,1.1,9.7,5.1,6:21,12:36:31,18:53,0 days 12:32:00,0 days 11:28:00,14.475,7.475,0.028,0.019,0.5,0.003,135.0,26.0,192.0
2021-03-31,14.3,22.3,6.0,40.78,63,19,138.4,0,2.1,1007.6,0.0,9.8,5.2,6:19,12:36:13,18:54,0 days 12:35:00,0 days 11:25:00,18.3,10.15,0.035,0.015,0.5,0.003,36.0,16.0,102.0
2021-04-01,17.72,23.6,12.0,33.48,53,19,150.16,0,1.8,1005.5,1.8,10.0,5.5,6:18,12:35:55,18:55,0 days 12:37:00,0 days 11:23:00,20.66,14.86,0.02,0.027,0.4,0.003,40.0,12.0,112.0
2021-04-02,17.6,22.9,12.6,35.48,45,26,226.22,0,2.4,1008.4,0.4,10.2,6.5,6:16,12:35:37,18:56,0 days 12:40:00,0 days 11:20:00,20.25,15.1,0.022,0.029,0.4,0.003,45.0,12.0,124.0
2021-04-03,15.43,17.7,11.4,78.87,98,45,169.68,0,2.3,1011.3,4.1,10.5,6.6,6:15,12:35:20,18:57,0 days 12:42:00,0 days 11:18:00,16.564999999999998,13.415,0.021,0.021,0.4,0.003,27.0,11.0,82.0
2021-04-04,12.07,15.5,9.5,67.96,96,50,190.64,0,2.6,1007.7,9.1,10.7,2.8,6:13,12:35:02,18:58,0 days 12:45:00,0 days 11:15:00,13.785,10.785,0.008,0.032,0.3,0.003,9.0,5.0,38.0
2021-04-05,11.89,19.0,5.4,47.96,78,21,214.08,0,3.4,998.2,10.0,11.0,0.4,6:12,12:34:45,18:58,0 days 12:46:00,0 days 11:14:00,15.445,8.645,0.016,0.019,0.4,0.002,20.0,10.0,68.0
2021-04-06,13.96,18.9,9.4,49.57,66,29,218.88,0,2.5,1000.0,9.8,11.3,0.6,6:10,12:34:28,18:59,0 days 12:49:00,0 days 11:11:00,16.43,11.68,0.026,0.029,0.4,0.003,36.0,21.0,102.0
2021-04-07,14.05,20.4,8.2,49.7,79,27,164.61,0,2.9,1003.6,1.5,11.4,3.7,6:09,12:34:11,19:00,0 days 12:51:00,0 days 11:09:00,17.225,11.125,0.029,0.027,0.5,0.003,45.0,29.0,124.0
2021-04-08,13.1,17.8,7.2,34.7,49,23,177.1,0,3.2,1008.1,0.4,11.4,4.4,6:07,12:33:54,19:01,0 days 12:54:00,0 days 11:06:00,15.45,10.15,0.015,0.032,0.3,0.003,31.0,16.0,91.0
2021-04-09,13.62,19.5,7.7,38.52,52,26,258.44,0,2.5,1008.3,0.0,11.4,4.3,6:06,12:33:38,19:02,0 days 12:56:00,0 days 11:04:00,16.56,10.66,0.014,0.034,0.3,0.003,30.0,16.0,89.0
2021-04-10,12.74,18.8,7.8,48.91,63,29,185.56,0,2.7,1004.3,2.6,11.4,4.7,6:04,12:33:21,19:03,0 days 12:59:00,0 days 11:01:00,15.77,10.27,0.017,0.035,0.4,0.003,31.0,19.0,91.0
2021-04-11,14.71,21.5,7.6,45.78,68,26,218.03,0,3.6,1000.2,6.5,11.4,1.1,6:03,12:33:06,19:04,0 days 13:01:00,0 days 10:59:00,18.105,11.155,0.023,0.031,0.4,0.003,40.0,24.0,112.0
2021-04-12,13.9,17.6,12.0,67.52,99,39,196.48,0,2.7,1007.0,0.8,11.5,4.9,6:01,12:32:50,19:05,0 days 13:04:00,0 days 10:56:00,15.75,12.95,0.028,0.021,0.4,0.003,31.0,19.0,91.0
2021-04-13,10.92,13.1,6.5,75.43,99,53,193.88,0,1.8,1006.9,5.1,11.5,3.0,6:00,12:32:35,19:06,0 days 13:06:00,0 days 10:54:00,12.01,8.71,0.013,0.028,0.3,0.003,13.0,8.0,53.0
2021-04-14,8.19,13.0,3.1,56.96,79,33,140.71,0,1.6,1002.5,8.1,11.5,2.8,5:59,12:32:20,19:07,0 days 13:08:00,0 days 10:52:00,10.595,5.645,0.016,0.028,0.3,0.003,25.0,13.0,78.0
2021-04-15,11.5,17.8,6.4,61.78,87,32,204.43,0,2.2,994.3,7.4,11.6,1.5,5:57,12:32:05,19:08,0 days 13:11:00,0 days 10:49:00,14.65,8.95,0.019,0.029,0.4,0.003,35.0,20.0,99.0
2021-04-16,11.5,14.7,8.7,59.61,94,38,168.72,0,2.5,995.2,6.9,11.7,2.5,5:56,12:31:51,19:08,0 days 13:12:00,0 days 10:48:00,13.1,10.1,0.026,0.025,0.4,0.003,28.0,,84.0
2021-04-17,9.53,13.9,6.2,57.0,75,35,153.14,0,2.0,1004.2,6.1,11.9,3.4,5:55,12:31:37,19:09,0 days 13:14:00,0 days 10:46:00,11.715,7.865,0.021,0.02,0.4,0.003,77.0,18.0,162.0
2021-04-18,9.99,15.2,5.6,63.09,79,43,178.87,0,2.7,1001.0,6.4,11.9,1.8,5:53,12:31:24,19:10,0 days 13:17:00,0 days 10:43:00,12.595,7.795,0.011,0.028,0.4,0.003,30.0,13.0,89.0
2021-04-19,12.12,19.0,5.8,65.83,87,45,247.05,0,2.4,999.0,2.3,12.0,5.2,5:52,12:31:11,19:11,0 days 13:19:00,0 days 10:41:00,15.56,8.959999999999999,0.022,0.034,0.4,0.004,43.0,20.0,119.0
2021-04-20,14.7,21.8,8.3,56.52,89,30,185.92,0,2.4,999.8,9.5,12.2,1.0,5:50,12:30:58,19:12,0 days 13:22:00,0 days 10:38:00,18.25,11.5,0.033,0.034,0.5,0.004,57.0,30.0,152.0
2021-04-21,19.01,28.1,10.4,43.96,65,23,222.57,0,2.5,1002.0,3.8,12.5,5.6,5:49,12:30:46,19:13,0 days 13:24:00,0 days 10:36:00,23.555,14.705000000000002,0.041,0.039,0.6,0.005,72.0,35.0,160.0
2021-04-22,20.94,27.5,16.1,37.87,53,22,216.94,0,2.6,1009.0,7.6,12.7,5.7,5:48,12:30:34,19:14,0 days 13:26:00,0 days 10:34:00,24.22,18.520000000000003,0.033,0.048,0.5,0.005,70.0,36.0,158.0
2021-04-23,19.09,21.7,17.1,42.74,58,31,201.12,0,2.1,1012.0,8.0,12.9,5.1,5:47,12:30:23,19:15,0 days 13:28:00,0 days 10:32:00,20.395,18.095,0.018,0.036,0.4,0.003,40.0,20.0,112.0
2021-04-24,18.33,22.0,15.5,40.74,65,26,171.69,0,2.7,1011.8,5.8,13.1,4.1,5:45,12:30:12,19:16,0 days 13:31:00,0 days 10:29:00,20.165,16.915,0.014,0.033,0.3,0.003,22.0,11.0,72.0
2021-04-25,18.2,23.9,12.6,51.04,76,31,237.95,0,1.9,1004.9,9.4,13.2,1.3,5:44,12:30:02,19:17,0 days 13:33:00,0 days 10:27:00,21.05,15.4,0.01,0.033,0.3,0.003,23.0,12.0,74.0
2021-04-26,16.41,20.2,12.4,49.96,76,30,134.76,0,3.1,1003.2,4.5,13.4,2.4,5:43,12:29:52,19:18,0 days 13:35:00,0 days 10:25:00,18.305,14.405,0.015,0.036,0.3,0.003,27.0,12.0,82.0
2021-04-27,15.37,19.6,12.6,60.35,77,39,190.35,0,1.9,1009.3,0.5,13.3,4.5,5:42,12:29:43,19:18,0 days 13:36:00,0 days 10:24:00,17.485,13.985,0.019,0.031,0.4,0.004,27.0,13.0,82.0
2021-04-28,14.56,17.9,11.3,66.26,95,37,120.84,0,2.1,1005.5,6.4,13.3,3.5,5:40,12:29:34,19:19,0 days 13:39:00,0 days 10:21:00,16.23,12.93,0.023,0.027,0.4,0.003,57.0,22.0,152.0
2021-04-29,14.95,19.7,11.0,50.96,77,35,204.76,0,2.9,996.2,9.6,13.4,1.3,5:39,12:29:26,19:20,0 days 13:41:00,0 days 10:19:00,17.325,12.975,0.025,0.026,0.4,0.003,62.0,20.0,154.0
2021-04-30,11.33,14.1,8.7,82.26,95,67,155.79,0,3.3,999.6,6.1,13.5,3.2,5:38,12:29:18,19:21,0 days 13:43:00,0 days 10:17:00,12.715,10.015,0.02,0.033,0.4,0.003,33.0,16.0,95.0
2021-05-01,10.51,15.2,8.6,80.04,92,49,168.24,0,2.5,1006.7,3.0,13.6,5.2,5:37,12:29:10,19:22,0 days 13:45:00,0 days 10:15:00,12.855,9.555,0.013,0.029,0.4,0.003,22.0,12.0,72.0
2021-05-02,12.37,18.5,7.4,68.91,96,46,90.49,0,2.1,1011.7,6.6,13.7,4.7,5:36,12:29:04,19:23,0 days 13:47:00,0 days 10:13:00,15.435,9.885,0.011,0.031,0.3,0.003,15.0,7.0,57.0
2021-05-03,14.07,19.8,8.4,57.96,86,30,182.17,0,2.1,1010.1,4.5,13.8,5.1,5:35,12:28:57,19:24,0 days 13:49:00,0 days 10:11:00,16.935000000000002,11.235,0.021,0.028,0.4,0.003,29.0,17.0,87.0
2021-05-04,13.68,15.8,11.4,80.39,100,56,194.89,0,2.1,1002.5,7.9,14.0,3.2,5:33,12:28:52,19:25,0 days 13:52:00,0 days 10:08:00,14.74,12.54,0.032,0.012,0.5,0.003,23.0,14.0,74.0
2021-05-05,14.13,18.2,10.5,65.13,95,33,169.1,0,2.5,992.0,10.0,14.3,0.5,5:32,12:28:46,19:26,0 days 13:54:00,0 days 10:06:00,16.165,12.315,0.013,0.033,0.4,0.003,44.0,11.0,122.0
2021-05-06,15.59,22.7,7.9,47.65,76,29,220.64,0,5.4,996.3,9.3,14.6,1.7,5:31,12:28:42,19:27,0 days 13:56:00,0 days 10:04:00,19.145,11.745,0.023,0.033,0.4,0.003,65.0,17.0,156.0
2021-05-07,14.67,16.9,11.2,59.13,93,42,122.83,0,2.6,1002.3,7.1,15.1,2.9,5:30,12:28:38,19:28,0 days 13:58:00,0 days 10:02:00,15.785,12.935,0.019,0.026,0.4,0.003,373.0,58.0,399.0
2021-05-08,14.28,20.5,8.9,66.3,84,37,171.73,0,2.2,1006.0,2.4,15.0,5.4,5:29,12:28:34,19:28,0 days 13:59:00,0 days 10:01:00,17.39,11.59,0.015,0.029,0.4,0.003,460.0,66.0,468.0
2021-05-09,15.82,21.6,10.1,51.09,85,26,170.09,0,2.3,1005.8,0.9,14.9,5.6,5:28,12:28:31,19:29,0 days 14:01:00,0 days 09:59:00,18.71,12.96,0.014,0.032,0.4,0.003,50.0,12.0,137.0
2021-05-10,13.35,14.5,11.8,67.78,76,62,177.93,0,1.8,1006.2,2.5,14.9,5.3,5:27,12:28:29,19:30,0 days 14:03:00,0 days 09:57:00,13.925,12.575,0.028,0.016,0.4,0.003,20.0,9.0,68.0
2021-05-11,18.29,25.5,9.6,51.17,86,29,258.65,0,2.3,1007.2,2.9,15.0,5.8,5:26,12:28:27,19:31,0 days 14:05:00,0 days 09:55:00,21.895,13.945,0.014,0.03,0.3,0.003,18.0,8.0,63.0
2021-05-12,21.91,27.4,16.9,37.48,55,28,173.25,0,1.8,1006.2,5.0,15.2,4.5,5:25,12:28:26,19:32,0 days 14:07:00,0 days 09:53:00,24.655,19.405,0.017,0.039,0.3,0.003,21.0,10.0,70.0
2021-05-13,22.89,29.5,16.6,53.57,70,38,160.61,0,2.0,1002.5,3.6,15.4,4.4,5:24,12:28:25,19:33,0 days 14:09:00,0 days 09:51:00,26.195,19.745,0.032,0.036,0.5,0.003,41.0,23.0,115.0
2021-05-14,24.1,30.6,18.0,59.87,81,36,177.16,0,2.0,999.0,1.6,15.6,4.9,5:24,12:28:25,19:34,0 days 14:10:00,0 days 09:50:00,27.35,21.05,0.028,0.037,0.5,0.004,49.0,30.0,134.0
2021-05-15,22.06,26.0,20.8,78.09,96,58,195.57,0,2.4,997.9,2.0,15.8,5.9,5:23,12:28:26,19:35,0 days 14:12:00,0 days 09:48:00,24.03,21.43,0.02,0.017,0.4,0.004,40.0,30.0,112.0
2021-05-16,18.77,20.7,15.2,97.43,99,95,198.41,0,2.5,999.9,2.1,16.0,6.6,5:22,12:28:27,19:35,0 days 14:13:00,0 days 09:47:00,19.735,16.985,0.01,0.017,0.3,0.003,5.0,3.0,21.0
2021-05-17,15.3,16.5,14.2,92.74,96,86,187.29,0,3.4,1002.5,4.6,16.2,6.1,5:21,12:28:28,19:36,0 days 14:15:00,0 days 09:45:00,15.9,14.75,0.016,0.014,0.3,0.003,8.0,3.0,33.0
2021-05-18,17.97,24.2,13.7,73.39,97,46,220.05,0,2.1,1000.3,7.1,16.6,3.3,5:20,12:28:31,19:37,0 days 14:17:00,0 days 09:43:00,21.085,15.835,0.025,0.019,0.4,0.003,25.0,13.0,78.0
2021-05-19,19.74,26.4,12.5,52.22,78,33,144.66,0,2.3,998.9,2.4,16.9,4.9,5:20,12:28:34,19:38,0 days 14:18:00,0 days 09:42:00,23.07,16.119999999999997,0.023,0.036,0.4,0.003,29.0,18.0,87.0
2021-05-20,19.06,22.9,16.1,56.57,83,43,210.26,0,3.0,999.7,5.0,17.2,4.8,5:19,12:28:37,19:39,0 days 14:20:00,0 days 09:40:00,20.98,17.58,0.022,0.027,0.4,0.003,22.0,12.0,72.0
2021-05-21,15.98,17.9,14.3,86.43,94,75,242.81,0,3.0,999.1,9.0,17.4,3.8,5:18,12:28:41,19:40,0 days 14:22:00,0 days 09:38:00,16.939999999999998,15.14,0.017,0.027,0.4,0.003,12.0,6.0,50.0
2021-05-22,18.7,23.7,13.8,70.04,93,44,112.47,0,1.9,997.7,6.3,17.7,5.1,5:18,12:28:45,19:40,0 days 14:22:00,0 days 09:38:00,21.2,16.25,0.019,0.032,0.4,0.003,24.0,14.0,76.0
2021-05-23,19.6,24.8,14.4,65.0,87,49,283.64,0,2.2,999.8,0.6,17.9,6.0,5:17,12:28:50,19:41,0 days 14:24:00,0 days 09:36:00,22.200000000000003,17.0,0.016,0.04,0.4,0.003,29.0,19.0,87.0
2021-05-24,19.6,24.3,16.4,58.83,81,30,110.64,0,2.0,1003.8,7.0,18.0,4.5,5:16,12:28:56,19:42,0 days 14:26:00,0 days 09:34:00,21.950000000000003,18.0,0.019,0.032,0.4,0.003,123.0,24.0,186.0
2021-05-25,15.6,19.1,11.9,70.65,94,39,184.1,0,2.4,1005.6,5.4,18.2,6.4,5:16,12:29:02,19:43,0 days 14:27:00,0 days 09:33:00,17.35,13.75,0.017,0.034,0.4,0.003,97.0,21.0,172.0
2021-05-26,17.83,22.9,11.6,60.17,90,32,199.91,0,2.1,1007.5,7.0,18.4,4.9,5:15,12:29:09,19:44,0 days 14:29:00,0 days 09:31:00,20.365,14.715,0.016,0.033,0.4,0.003,42.0,13.0,117.0
2021-05-27,16.05,18.4,14.0,81.7,97,62,192.56,0,1.7,1006.8,9.6,18.5,0.7,5:15,12:29:16,19:44,0 days 14:29:00,0 days 09:31:00,17.225,15.025,0.018,0.032,0.4,0.003,38.0,16.0,107.0
2021-05-28,15.13,19.7,12.5,86.74,98,68,180.53,0,1.8,1001.9,10.0,18.7,0.6,5:14,12:29:23,19:45,0 days 14:31:00,0 days 09:29:00,17.415,13.815,0.017,0.031,0.5,0.003,33.0,17.0,95.0
2021-05-29,15.65,18.9,13.3,78.43,91,62,168.62,0,1.6,999.9,6.8,18.8,3.0,5:14,12:29:31,19:46,0 days 14:32:00,0 days 09:28:00,17.275,14.475,0.016,0.026,0.4,0.003,20.0,10.0,68.0
2021-05-30,18.26,26.2,10.9,71.91,96,40,173.79,0,2.2,999.7,6.5,18.8,4.3,5:13,12:29:39,19:46,0 days 14:33:00,0 days 09:27:00,22.23,14.580000000000002,0.012,0.033,0.3,0.003,23.0,12.0,74.0
2021-05-31,19.78,23.5,16.6,79.7,97,64,190.92,0,2.5,1000.0,6.5,18.9,4.8,5:13,12:29:48,19:47,0 days 14:34:00,0 days 09:26:00,21.64,18.19,0.017,0.028,0.4,0.003,32.0,16.0,93.0
2021-06-01,20.32,23.7,16.1,74.96,90,60,177.46,0,1.9,995.6,8.3,19.1,3.0,5:12,12:29:57,19:48,0 days 14:36:00,0 days 09:24:00,22.01,18.21,0.023,0.021,0.4,0.003,36.0,21.0,102.0
2021-06-02,23.18,29.5,16.6,64.78,92,39,219.69,1,2.3,992.5,3.5,19.2,3.0,5:12,12:30:06,19:48,0 days 14:36:00,0 days 09:24:00,26.34,19.89,0.021,0.031,0.4,0.004,46.0,27.0,127.0
2021-06-03,19.63,22.6,14.9,80.61,95,61,179.87,0,2.7,997.8,2.1,19.3,6.8,5:12,12:30:16,19:49,0 days 14:37:00,0 days 09:23:00,21.115,17.265,0.023,0.019,0.4,0.003,30.0,17.0,89.0
2021-06-04,18.28,23.1,13.4,69.87,96,40,196.94,0,2.4,1000.1,3.3,19.4,6.1,5:11,12:30:26,19:50,0 days 14:39:00,0 days 09:21:00,20.69,15.84,0.015,0.038,0.3,0.003,26.0,11.0,80.0
2021-06-05,20.81,25.4,17.1,66.83,82,50,249.04,0,2.6,1000.3,4.4,19.5,4.9,5:11,12:30:36,19:50,0 days 14:39:00,0 days 09:21:00,23.105,18.955,0.013,0.05,0.4,0.003,43.0,23.0,119.0
2021-06-06,22.9,27.9,18.6,70.17,88,50,152.52,0,2.6,997.3,6.1,19.6,3.8,5:11,12:30:47,19:51,0 days 14:40:00,0 days 09:20:00,25.4,20.75,0.011,0.057,0.4,0.003,57.0,34.0,152.0
2021-06-07,21.14,23.6,19.5,71.48,81,61,184.29,0,2.1,998.0,8.9,19.8,2.2,5:11,12:30:58,19:51,0 days 14:40:00,0 days 09:20:00,22.37,20.32,0.025,0.025,0.4,0.003,34.0,17.0,97.0
2021-06-08,23.56,29.4,18.8,69.39,85,44,199.95,0,2.4,994.3,8.4,19.9,2.2,5:11,12:31:10,19:52,0 days 14:41:00,0 days 09:19:00,26.48,21.18,0.029,0.029,0.4,0.003,39.0,24.0,110.0
2021-06-09,25.73,31.4,19.6,59.0,83,38,181.67,0,2.0,993.1,4.6,19.9,5.3,5:10,12:31:21,19:52,0 days 14:42:00,0 days 09:18:00,28.565,22.665,0.027,0.041,0.4,0.003,40.0,25.0,112.0
2021-06-10,25.32,29.5,22.2,65.13,82,45,207.61,0,2.3,994.4,6.9,19.9,3.5,5:10,12:31:33,19:53,0 days 14:43:00,0 days 09:17:00,27.41,23.76,0.031,0.034,0.4,0.003,50.0,34.0,137.0
2021-06-11,21.58,24.3,20.0,84.09,96,71,148.16,0,2.2,995.0,6.1,20.1,3.9,5:10,12:31:45,19:53,0 days 14:43:00,0 days 09:17:00,22.94,20.79,0.017,0.03,0.3,0.003,21.0,13.0,70.0
2021-06-12,24.05,30.0,18.2,74.83,96,52,148.72,0,1.7,995.3,6.6,20.2,3.9,5:10,12:31:58,19:54,0 days 14:44:00,0 days 09:16:00,27.025,21.125,0.016,0.026,0.3,0.003,22.0,12.0,72.0
2021-06-13,24.99,29.3,21.0,72.3,90,55,207.85,1,2.2,994.1,3.9,20.3,4.4,5:10,12:32:10,19:54,0 days 14:44:00,0 days 09:16:00,27.145,22.995,0.02,0.029,0.4,0.003,31.0,20.0,91.0
2021-06-14,24.74,30.1,19.0,69.83,88,51,152.62,0,1.5,995.6,4.1,20.4,2.5,5:10,12:32:23,19:55,0 days 14:45:00,0 days 09:15:00,27.42,21.87,0.031,0.034,0.4,0.004,38.0,25.0,107.0
2021-06-15,22.61,25.2,21.5,79.57,91,70,213.73,0,2.1,998.1,2.9,20.6,4.7,5:10,12:32:35,19:55,0 days 14:45:00,0 days 09:15:00,23.905,22.055,0.016,0.021,0.3,0.003,23.0,15.0,74.0
2021-06-16,24.5,28.7,20.3,60.09,76,47,242.69,0,2.1,1002.7,0.9,20.6,6.2,5:10,12:32:48,19:55,0 days 14:45:00,0 days 09:15:00,26.6,22.4,0.008,0.029,0.2,0.003,9.0,4.0,38.0
2021-06-17,21.9,24.8,19.6,70.22,85,61,139.79,0,2.0,1002.5,4.4,20.7,5.6,5:10,12:33:01,19:56,0 days 14:46:00,0 days 09:14:00,23.35,20.75,0.016,0.024,0.3,0.003,16.0,9.0,59.0
2021-06-18,20.07,21.3,19.0,91.48,98,84,240.42,0,2.0,997.2,3.4,20.8,6.4,5:11,12:33:15,19:56,0 days 14:45:00,0 days 09:15:00,20.685,19.535,0.018,0.024,0.3,0.003,15.0,10.0,57.0
2021-06-19,22.4,27.2,17.5,73.52,94,51,156.0,0,2.2,995.7,3.3,21.0,5.3,5:11,12:33:28,19:56,0 days 14:45:00,0 days 09:15:00,24.8,19.95,0.017,0.046,0.5,0.003,39.0,26.0,110.0
2021-06-20,23.0,28.8,17.7,72.87,89,49,147.33,0,1.9,994.1,8.8,21.3,1.7,5:11,12:33:41,19:57,0 days 14:46:00,0 days 09:14:00,25.9,20.35,0.015,0.046,0.4,0.004,47.0,32.0,129.0
2021-06-21,23.59,28.4,19.3,67.83,91,46,225.75,0,2.1,991.2,9.4,21.5,1.4,5:11,12:33:54,19:57,0 days 14:46:00,0 days 09:14:00,25.995,21.445,0.017,0.039,0.4,0.003,37.0,25.0,105.0
2021-06-22,23.24,28.1,19.7,65.74,80,42,191.0,0,2.2,993.6,6.3,21.5,3.5,5:11,12:34:07,19:57,0 days 14:46:00,0 days 09:14:00,25.67,21.47,0.018,0.027,0.3,0.003,22.0,12.0,72.0
2021-06-23,22.27,27.8,18.8,70.61,81,50,147.98,0,1.5,999.1,5.0,21.5,3.9,5:12,12:34:20,19:57,0 days 14:45:00,0 days 09:15:00,25.035,20.535,0.013,0.034,0.3,0.002,18.0,12.0,63.0
2021-06-24,22.98,27.9,18.5,71.78,89,54,142.08,0,2.0,1003.4,1.5,21.5,4.3,5:12,12:34:33,19:57,0 days 14:45:00,0 days 09:15:00,25.44,20.74,0.02,0.031,0.4,0.002,31.0,20.0,91.0
2021-06-25,24.15,29.1,19.5,67.96,86,49,157.97,0,2.1,1001.2,5.8,21.6,4.8,5:12,12:34:46,19:57,0 days 14:45:00,0 days 09:15:00,26.625,21.825,0.019,0.034,0.4,0.002,36.0,25.0,102.0
2021-06-26,22.89,26.5,19.9,78.57,91,65,125.06,0,2.9,995.8,10.0,21.8,1.2,5:12,12:34:59,19:57,0 days 14:45:00,0 days 09:15:00,24.695,21.395,0.012,0.031,0.3,0.002,20.0,14.0,68.0
2021-06-27,24.3,30.6,19.8,72.57,92,45,200.64,1,3.2,998.0,6.5,22.0,4.1,5:13,12:35:11,19:57,0 days 14:44:00,0 days 09:16:00,27.450000000000003,22.05,0.009,0.035,0.3,0.002,19.0,12.0,66.0
2021-06-28,23.66,28.2,21.0,77.0,88,61,196.54,0,2.5,997.2,8.1,22.2,3.6,5:13,12:35:24,19:57,0 days 14:44:00,0 days 09:16:00,25.93,22.33,0.018,0.016,0.4,0.002,25.0,15.0,78.0
2021-06-29,23.89,27.9,21.3,78.74,88,59,179.53,0,2.3,990.8,10.0,22.3,0.6,5:14,12:35:36,19:57,0 days 14:43:00,0 days 09:17:00,25.895,22.595,0.021,0.022,0.4,0.002,30.0,22.0,89.0
2021-06-30,24.22,28.6,21.1,79.04,94,57,159.61,0,1.8,990.2,7.4,23.0,2.3,5:14,12:35:47,19:57,0 days 14:43:00,0 days 09:17:00,26.41,22.66,0.02,0.024,0.4,0.002,34.0,24.0,97.0
2021-07-01,26.28,30.6,21.4,70.91,90,50,207.27,1,2.0,995.5,1.4,22.9,5.7,5:14,12:35:59,19:57,0 days 14:43:00,0 days 09:17:00,28.44,23.84,0.018,0.034,0.4,0.002,35.0,24.0,99.0
2021-07-02,27.17,31.7,23.6,64.0,78,48,180.59,0,1.9,998.3,6.6,23.0,3.6,5:15,12:36:10,19:57,0 days 14:42:00,0 days 09:18:00,29.435,25.385,0.014,0.031,0.3,0.002,25.0,17.0,78.0
2021-07-03,22.95,25.4,19.6,77.74,100,64,207.58,0,1.8,995.2,4.9,23.1,5.4,5:15,12:36:21,19:57,0 days 14:42:00,0 days 09:18:00,24.175,21.275,0.011,0.024,0.2,0.002,11.0,6.0,46.0
2021-07-04,21.35,23.1,20.1,97.35,100,92,284.68,0,2.3,989.3,9.8,23.2,1.4,5:16,12:36:32,19:57,0 days 14:41:00,0 days 09:19:00,22.225,20.725,0.011,0.02,0.2,0.002,7.0,4.0,29.0
2021-07-05,23.18,26.7,20.1,80.65,93,66,253.76,0,3.7,985.1,5.9,24.0,4.0,5:16,12:36:42,19:57,0 days 14:41:00,0 days 09:19:00,24.94,21.64,0.019,0.029,0.3,0.002,20.0,12.0,68.0
2021-07-06,25.23,29.7,21.0,74.09,92,56,381.56,1,2.7,991.3,6.3,24.0,5.3,5:17,12:36:52,19:56,0 days 14:39:00,0 days 09:21:00,27.465,23.115,0.026,0.039,0.4,0.002,40.0,26.0,112.0
2021-07-07,26.39,29.0,23.9,77.17,91,67,109.33,0,2.3,991.8,4.1,24.0,5.3,5:18,12:37:02,19:56,0 days 14:38:00,0 days 09:22:00,27.695,25.145,0.022,0.034,0.4,0.003,26.0,18.0,80.0
2021-07-08,26.0,29.8,23.9,83.13,95,67,321.2,1,2.2,992.1,7.6,24.0,3.0,5:18,12:37:11,19:56,0 days 14:38:00,0 days 09:22:00,27.9,24.95,0.022,0.033,0.4,0.003,22.0,15.0,72.0
2021-07-09,25.48,28.9,23.6,77.43,85,63,200.97,0,2.0,992.5,8.8,24.0,1.4,5:19,12:37:20,19:56,0 days 14:37:00,0 days 09:23:00,27.19,24.54,0.02,0.029,0.3,0.003,17.0,10.0,61.0
2021-07-10,25.89,28.9,23.2,78.61,88,65,205.74,0,2.3,993.5,7.3,24.3,3.7,5:19,12:37:29,19:55,0 days 14:36:00,0 days 09:24:00,27.395,24.545,0.016,0.043,0.3,0.003,25.0,18.0,78.0
2021-07-11,25.76,27.5,24.1,86.57,92,82,239.05,0,1.9,995.3,9.4,24.2,0.7,5:20,12:37:37,19:55,0 days 14:35:00,0 days 09:25:00,26.630000000000003,24.93,0.013,0.046,0.3,0.003,29.0,21.0,87.0
2021-07-12,28.02,32.3,23.8,75.35,90,61,280.65,1,1.5,995.3,9.4,24.5,2.3,5:21,12:37:44,19:54,0 days 14:33:00,0 days 09:27:00,30.16,25.91,0.019,0.043,0.3,0.003,29.0,20.0,87.0
2021-07-13,28.73,31.2,26.3,75.96,87,64,209.48,1,1.6,993.6,10.0,24.3,0.6,5:21,12:37:51,19:54,0 days 14:33:00,0 days 09:27:00,29.965,27.515,0.024,0.027,0.3,0.003,32.0,21.0,93.0
2021-07-14,29.74,33.1,26.1,71.26,89,57,298.0,1,2.9,987.7,10.0,24.9,0.4,5:22,12:37:58,19:54,0 days 14:32:00,0 days 09:28:00,31.42,27.92,0.02,0.02,0.3,0.003,22.0,14.0,72.0
2021-07-15,29.38,33.9,26.1,70.87,87,54,328.98,1,3.0,990.4,9.9,24.7,1.0,5:23,12:38:04,19:53,0 days 14:30:00,0 days 09:30:00,31.64,27.74,0.019,0.027,0.2,0.003,19.0,12.0,66.0
2021-07-16,28.81,35.0,24.2,67.78,86,48,195.95,0,2.3,997.1,9.3,24.5,1.2,5:23,12:38:10,19:53,0 days 14:30:00,0 days 09:30:00,31.905,26.505,0.016,0.036,0.2,0.003,18.0,11.0,63.0
2021-07-17,28.91,32.8,24.7,63.48,80,51,230.54,1,1.7,1001.5,9.0,24.4,2.0,5:24,12:38:15,19:52,0 days 14:28:00,0 days 09:32:00,30.855,26.805,0.012,0.032,0.2,0.003,14.0,9.0,55.0
2021-07-18,29.69,34.0,25.7,61.96,79,46,127.74,0,1.4,1000.5,8.0,24.3,1.9,5:25,12:38:20,19:51,0 days 14:26:00,0 days 09:34:00,31.845,27.695,0.009,0.039,0.2,0.003,12.0,7.0,50.0
2021-07-19,26.8,30.2,24.1,77.78,94,63,200.17,1,1.7,997.3,2.3,24.2,4.9,5:26,12:38:24,19:51,0 days 14:25:00,0 days 09:35:00,28.5,25.450000000000003,0.018,0.021,0.2,0.003,14.0,8.0,55.0
2021-07-20,27.74,31.7,23.7,76.7,93,60,208.02,1,1.8,998.8,2.9,24.3,4.9,5:26,12:38:28,19:50,0 days 14:24:00,0 days 09:36:00,29.72,25.72,0.017,0.025,0.3,0.003,20.0,11.0,68.0
2021-07-21,30.45,35.1,25.3,64.83,89,41,239.63,1,1.8,1001.4,2.3,24.4,5.1,5:27,12:38:31,19:49,0 days 14:22:00,0 days 09:38:00,32.775,27.875,0.017,0.029,0.3,0.003,20.0,13.0,68.0
2021-07-22,31.23,35.7,26.6,59.65,78,40,290.27,1,2.6,1001.1,6.6,24.6,3.4,5:28,12:38:33,19:49,0 days 14:21:00,0 days 09:39:00,33.465,28.915,0.017,0.037,0.3,0.003,23.0,16.0,74.0
2021-07-23,31.31,35.7,27.2,61.09,73,44,287.92,1,2.1,997.4,10.0,24.7,0.8,5:29,12:38:35,19:48,0 days 14:19:00,0 days 09:41:00,33.505,29.255,0.017,0.044,0.2,0.003,27.0,20.0,82.0
2021-07-24,31.69,36.3,26.9,58.3,75,38,241.07,1,2.0,998.5,7.3,25.1,2.8,5:29,12:38:36,19:47,0 days 14:18:00,0 days 09:42:00,33.995,29.295,0.018,0.037,0.3,0.003,25.0,19.0,78.0
2021-07-25,31.56,35.7,27.2,55.74,73,40,251.93,1,2.7,1002.2,7.1,25.0,3.5,5:30,12:38:37,19:46,0 days 14:16:00,0 days 09:44:00,33.63,29.38,0.012,0.038,0.2,0.003,20.0,16.0,68.0
2021-07-26,31.33,35.4,27.5,54.91,71,42,175.79,0,2.2,1004.3,7.6,25.0,3.3,5:31,12:38:37,19:46,0 days 14:15:00,0 days 09:45:00,33.364999999999995,29.415,0.012,0.04,0.2,0.003,20.0,14.0,68.0
2021-07-27,31.07,35.2,27.9,60.13,71,45,251.79,1,1.9,1004.1,5.9,25.1,3.8,5:32,12:38:37,19:45,0 days 14:13:00,0 days 09:47:00,33.135000000000005,29.485,0.019,0.039,0.3,0.003,27.0,20.0,82.0
2021-07-28,30.33,34.5,27.1,66.96,76,52,229.82,1,2.1,1003.8,3.3,25.2,4.9,5:33,12:38:35,19:44,0 days 14:11:00,0 days 09:49:00,32.415,28.715,0.021,0.05,0.3,0.003,33.0,27.0,95.0
2021-07-29,29.78,33.2,27.1,70.04,84,58,220.86,1,2.0,1004.2,4.4,25.3,4.2,5:34,12:38:34,19:43,0 days 14:09:00,0 days 09:51:00,31.49,28.44,0.023,0.039,0.4,0.003,45.0,36.0,124.0
2021-07-30,30.44,35.2,25.8,62.83,80,46,222.36,1,1.9,1002.9,4.8,25.4,4.4,5:34,12:38:31,19:42,0 days 14:08:00,0 days 09:52:00,32.82,28.12,0.018,0.036,0.3,0.003,27.0,20.0,82.0
2021-07-31,29.81,34.2,26.8,70.52,88,53,277.12,1,1.7,1002.4,6.4,25.5,4.2,5:35,12:38:28,19:41,0 days 14:06:00,0 days 09:54:00,32.005,28.305,0.013,0.037,0.3,0.003,23.0,16.0,74.0
2021-08-01,27.28,28.7,25.3,81.48,95,75,336.16,0,1.9,1000.3,4.1,25.6,4.3,5:36,12:38:25,19:40,0 days 14:04:00,0 days 09:56:00,27.99,26.29,0.014,0.031,0.3,0.003,26.0,21.0,80.0
2021-08-02,26.49,28.5,25.2,83.09,95,70,346.62,0,2.1,997.5,4.0,25.8,5.4,5:37,12:38:20,19:39,0 days 14:02:00,0 days 09:58:00,27.495,25.845,0.017,0.023,0.3,0.003,15.0,8.0,57.0
2021-08-03,27.77,31.3,24.2,77.35,92,62,357.17,1,2.1,995.9,3.9,25.9,5.4,5:38,12:38:15,19:38,0 days 14:00:00,0 days 10:00:00,29.535,25.985,0.019,0.02,0.3,0.003,20.0,11.0,68.0
2021-08-04,29.09,32.8,26.4,70.35,87,55,385.72,1,1.9,994.2,4.3,26.0,5.2,5:39,12:38:10,19:37,0 days 13:58:00,0 days 10:02:00,30.945,27.745,0.019,0.019,0.3,0.003,23.0,14.0,74.0
2021-08-05,29.33,33.5,25.6,67.87,83,54,341.63,1,2.0,990.6,2.8,26.1,5.6,5:39,12:38:04,19:36,0 days 13:57:00,0 days 10:03:00,31.415,27.465,0.016,0.024,0.2,0.003,24.0,16.0,76.0
2021-08-06,28.21,31.9,26.2,68.83,80,58,417.53,1,1.7,988.3,5.8,26.2,3.1,5:40,12:37:57,19:35,0 days 13:55:00,0 days 10:05:00,30.055,27.205,0.016,0.02,0.2,0.003,19.0,14.0,66.0
2021-08-07,27.93,32.0,23.4,66.0,83,48,499.36,1,2.7,989.5,4.4,26.3,4.2,5:41,12:37:50,19:34,0 days 13:53:00,0 days 10:07:00,29.965,25.665,0.015,0.028,0.2,0.003,15.0,9.0,57.0
2021-08-08,26.8,32.0,24.5,75.61,86,59,414.78,1,2.9,992.2,2.4,26.4,5.8,5:42,12:37:42,19:33,0 days 13:51:00,0 days 10:09:00,29.4,25.65,0.011,0.025,0.2,0.003,18.0,12.0,63.0
2021-08-09,28.28,33.6,23.3,62.83,82,44,345.36,1,3.2,993.7,8.0,26.5,3.2,5:43,12:37:34,19:32,0 days 13:49:00,0 days 10:11:00,30.94,25.79,0.011,0.032,0.2,0.003,12.0,6.0,50.0
2021-08-10,27.8,31.7,24.3,62.17,70,48,253.14,1,3.7,986.1,10.0,26.5,0.7,5:44,12:37:25,19:31,0 days 13:47:00,0 days 10:13:00,29.75,26.05,0.015,0.034,0.3,0.003,17.0,10.0,61.0
2021-08-11,27.4,31.4,24.2,70.09,85,52,322.87,1,2.3,988.9,10.0,26.7,0.9,5:44,12:37:15,19:29,0 days 13:45:00,0 days 10:15:00,29.4,25.8,0.019,0.044,0.4,0.003,34.0,26.0,97.0
2021-08-12,26.97,31.1,24.1,67.74,83,52,403.5,1,1.9,993.8,8.9,26.3,1.1,5:45,12:37:05,19:28,0 days 13:43:00,0 days 10:17:00,29.035,25.535,0.017,0.042,0.4,0.003,36.0,28.0,102.0
2021-08-13,26.51,30.0,23.4,70.83,84,58,310.42,1,1.7,994.5,8.3,26.0,3.4,5:46,12:36:54,19:27,0 days 13:41:00,0 days 10:19:00,28.255000000000003,24.955,0.016,0.025,0.3,0.003,26.0,19.0,80.0
2021-08-14,26.27,30.2,23.5,64.35,75,53,322.66,0,1.6,995.6,4.0,25.8,3.1,5:47,12:36:43,19:26,0 days 13:39:00,0 days 10:21:00,28.235,24.885,0.01,0.032,0.3,0.002,13.0,9.0,53.0
2021-08-15,26.95,32.1,21.7,59.35,76,44,367.06,1,2.3,994.6,6.5,25.7,4.4,5:48,12:36:32,19:25,0 days 13:37:00,0 days 10:23:00,29.525,24.325,0.008,0.033,0.2,0.002,10.0,7.0,42.0
2021-08-16,27.35,32.7,22.6,60.96,76,41,346.66,1,2.1,993.7,4.5,25.8,3.3,5:49,12:36:19,19:23,0 days 13:34:00,0 days 10:26:00,30.025,24.975,0.01,0.033,0.2,0.002,18.0,13.0,63.0
2021-08-17,26.22,31.0,22.2,63.52,89,48,346.39,1,1.7,994.6,4.6,25.8,3.8,5:50,12:36:07,19:22,0 days 13:32:00,0 days 10:28:00,28.61,24.21,0.011,0.03,0.2,0.002,15.0,10.0,57.0
2021-08-18,24.37,30.3,20.7,70.7,92,49,311.98,1,1.9,996.3,3.1,25.9,4.1,5:50,12:35:54,19:21,0 days 13:31:00,0 days 10:29:00,27.335,22.535,0.01,0.03,0.2,0.002,11.0,6.0,46.0
2021-08-19,25.87,31.0,21.0,57.87,70,44,344.88,0,1.9,999.5,3.9,26.0,4.4,5:51,12:35:40,19:19,0 days 13:28:00,0 days 10:32:00,28.435,23.435,0.009,0.035,0.2,0.002,14.0,9.0,55.0
2021-08-20,26.81,30.3,22.7,61.96,73,52,366.29,0,1.6,1000.8,7.3,26.1,3.6,5:52,12:35:26,19:18,0 days 13:26:00,0 days 10:34:00,28.555,24.755,0.015,0.037,0.3,0.002,17.0,12.0,61.0
2021-08-21,23.74,25.5,21.4,87.48,99,76,348.64,0,2.4,997.1,6.6,26.1,4.2,5:53,12:35:11,19:17,0 days 13:24:00,0 days 10:36:00,24.62,22.57,0.014,0.032,0.3,0.002,13.0,8.0,53.0
2021-08-22,24.49,26.6,22.5,81.52,93,69,244.62,0,2.4,993.8,9.0,26.2,2.4,5:54,12:34:56,19:15,0 days 13:21:00,0 days 10:39:00,25.545,23.495,0.014,0.038,0.4,0.002,24.0,17.0,76.0
2021-08-23,22.55,24.0,21.0,89.3,95,81,358.26,0,2.2,995.2,9.6,26.3,1.0,5:55,12:34:40,19:14,0 days 13:19:00,0 days 10:41:00,23.275,21.775,0.022,0.017,0.4,0.003,25.0,17.0,78.0
2021-08-24,23.22,26.4,21.1,94.04,97,90,249.62,0,2.8,996.0,9.0,26.5,2.4,5:56,12:34:24,19:13,0 days 13:17:00,0 days 10:43:00,24.81,22.16,0.016,0.019,0.3,0.002,11.0,6.0,46.0
2021-08-25,24.92,27.2,23.6,86.22,96,74,311.2,0,2.6,997.2,5.0,26.4,4.2,5:56,12:34:08,19:11,0 days 13:15:00,0 days 10:45:00,26.06,24.26,0.02,0.02,0.3,0.002,16.0,8.0,59.0
2021-08-26,25.35,27.7,22.9,85.39,93,76,322.93,0,1.8,999.3,6.4,26.3,4.0,5:57,12:33:51,19:10,0 days 13:13:00,0 days 10:47:00,26.525,24.125,0.021,0.025,0.4,0.002,38.0,23.0,107.0
2021-08-27,22.8,25.2,20.5,83.61,91,73,246.35,0,1.8,998.4,8.9,26.3,2.4,5:58,12:33:34,19:08,0 days 13:10:00,0 days 10:50:00,24.0,21.65,0.023,0.018,0.4,0.003,31.0,17.0,91.0
2021-08-28,23.4,27.9,19.8,80.61,94,59,239.25,0,3.3,997.0,10.0,26.2,1.2,5:59,12:33:16,19:07,0 days 13:08:00,0 days 10:52:00,25.65,21.6,0.025,0.029,0.4,0.003,33.0,19.0,95.0
2021-08-29,23.78,26.1,22.0,81.83,93,68,254.9,0,2.1,995.2,9.4,26.1,0.7,6:00,12:32:58,19:06,0 days 13:06:00,0 days 10:54:00,24.94,22.89,0.016,0.032,0.4,0.003,28.0,19.0,84.0
2021-08-30,24.27,27.6,21.3,77.96,91,60,353.97,0,1.1,999.0,9.8,26.1,1.0,6:01,12:32:40,19:04,0 days 13:03:00,0 days 10:57:00,25.935,22.785,0.022,0.027,0.4,0.003,36.0,25.0,102.0
2021-08-31,20.6,23.0,18.1,91.87,100,80,311.93,0,1.3,1000.4,6.0,25.9,3.8,6:01,12:32:21,19:03,0 days 13:02:00,0 days 10:58:00,21.8,19.35,0.02,0.02,0.4,0.002,28.0,19.0,84.0
2021-09-01,21.23,23.7,18.5,84.48,99,72,264.52,0,2.0,1001.8,0.5,25.7,5.1,6:02,12:32:02,19:01,0 days 12:59:00,0 days 11:01:00,22.465,19.865,0.012,0.028,0.3,0.002,6.0,1.0,25.0
2021-09-02,23.4,26.7,20.7,70.13,79,59,228.61,0,1.6,1001.5,4.6,25.6,4.7,6:03,12:31:42,19:00,0 days 12:57:00,0 days 11:03:00,25.05,22.05,0.012,0.034,0.2,0.002,12.0,3.0,50.0
2021-09-03,24.59,29.0,20.6,60.91,85,40,192.72,0,2.2,1002.1,8.1,25.5,2.5,6:04,12:31:23,18:58,0 days 12:54:00,0 days 11:06:00,26.795,22.595,0.011,0.029,0.2,0.002,13.0,3.0,53.0
2021-09-04,23.2,28.5,18.6,57.43,70,45,123.35,0,1.8,1001.9,9.1,25.5,2.2,6:05,12:31:03,18:57,0 days 12:52:00,0 days 11:08:00,25.85,20.9,0.009,0.031,0.2,0.002,9.0,2.0,38.0
2021-09-05,23.04,26.9,19.4,60.39,70,53,177.11,0,1.8,1001.2,6.4,25.5,4.1,6:06,12:30:43,18:55,0 days 12:49:00,0 days 11:11:00,24.97,21.22,0.007,0.031,0.2,0.002,10.0,2.0,42.0
2021-09-06,22.58,26.3,18.5,67.3,93,52,227.97,0,2.4,1001.7,1.1,25.5,5.1,6:06,12:30:23,18:54,0 days 12:48:00,0 days 11:12:00,24.44,20.54,0.011,0.029,0.2,0.002,14.0,3.0,55.0
2021-09-07,19.46,20.9,17.6,98.17,100,96,217.09,0,2.5,1004.4,0.0,25.6,6.0,6:07,12:30:02,18:52,0 days 12:45:00,0 days 11:15:00,20.18,18.53,0.019,0.016,0.3,0.002,9.0,2.0,38.0
2021-09-08,22.33,26.7,19.0,81.43,98,60,252.95,0,2.3,1002.8,0.4,25.6,5.3,6:08,12:29:41,18:51,0 days 12:43:00,0 days 11:17:00,24.515,20.665,0.019,0.022,0.3,0.002,10.0,2.0,42.0
2021-09-09,23.54,29.0,19.2,76.61,94,48,224.93,1,1.8,1000.6,3.3,25.6,4.5,6:09,12:29:21,18:49,0 days 12:40:00,0 days 11:20:00,26.27,21.37,0.023,0.018,0.4,0.003,24.0,3.0,76.0
2021-09-10,23.66,28.8,19.5,75.52,90,50,196.14,0,1.6,999.8,6.1,25.6,3.0,6:10,12:28:59,18:48,0 days 12:38:00,0 days 11:22:00,26.23,21.58,0.026,0.027,0.4,0.003,29.0,18.0,87.0
2021-09-11,24.01,29.3,20.0,73.13,92,50,219.41,1,1.9,999.2,6.5,25.5,3.4,6:11,12:28:38,18:46,0 days 12:35:00,0 days 11:25:00,26.655,22.005000000000003,0.019,0.036,0.4,0.003,29.0,21.0,87.0
2021-09-12,24.34,29.8,19.4,64.0,81,42,224.92,0,1.5,1000.3,7.4,25.5,2.6,6:11,12:28:17,18:45,0 days 12:34:00,0 days 11:26:00,27.07,21.87,0.015,0.033,0.3,0.002,20.0,14.0,68.0
2021-09-13,24.72,30.2,20.9,67.48,81,52,166.68,0,1.8,1001.6,9.9,25.4,1.0,6:12,12:27:56,18:43,0 days 12:31:00,0 days 11:29:00,27.46,22.81,0.015,0.031,0.3,0.002,24.0,15.0,76.0
2021-09-14,24.71,29.4,20.0,63.35,86,43,268.57,0,2.4,1002.8,7.6,25.4,3.0,6:13,12:27:35,18:41,0 days 12:28:00,0 days 11:32:00,27.055,22.355,0.015,0.026,0.3,0.002,18.0,10.0,63.0
2021-09-15,23.76,28.8,19.7,57.48,73,45,257.55,0,2.6,1003.5,9.8,25.3,1.3,6:14,12:27:13,18:40,0 days 12:26:00,0 days 11:34:00,26.28,21.73,0.009,0.03,0.2,0.002,14.0,7.0,55.0
2021-09-16,22.86,27.1,18.1,60.57,75,47,236.33,0,1.7,1001.6,9.9,25.1,1.3,6:15,12:26:52,18:38,0 days 12:23:00,0 days 11:37:00,24.98,20.48,0.011,0.027,0.2,0.002,10.0,5.0,42.0
2021-09-17,23.59,27.9,20.6,61.7,72,47,187.65,0,1.4,1000.1,8.0,25.0,2.4,6:16,12:26:31,18:37,0 days 12:21:00,0 days 11:39:00,25.745,22.095,0.011,0.026,0.2,0.002,9.0,5.0,38.0
2021-09-18,23.83,29.3,19.0,64.39,80,46,198.21,0,1.9,1002.0,3.8,25.0,2.8,6:16,12:26:09,18:35,0 days 12:19:00,0 days 11:41:00,26.565,21.415,0.012,0.025,0.3,0.002,9.0,5.0,38.0
2021-09-19,23.86,27.5,21.2,63.74,77,51,249.11,0,1.6,1003.6,8.6,24.9,1.9,6:17,12:25:48,18:34,0 days 12:17:00,0 days 11:43:00,25.68,22.53,0.014,0.023,0.3,0.002,11.0,6.0,46.0
2021-09-20,23.56,28.0,19.1,63.57,81,50,157.64,0,2.7,1000.5,9.4,24.9,1.1,6:18,12:25:27,18:32,0 days 12:14:00,0 days 11:46:00,25.78,21.33,0.01,0.029,0.3,0.002,11.0,7.0,46.0
2021-09-21,22.39,26.1,19.5,83.09,98,62,191.64,0,2.3,1001.5,7.1,24.9,2.4,6:19,12:25:06,18:31,0 days 12:12:00,0 days 11:48:00,24.245,20.945,0.011,0.036,0.3,0.002,15.0,9.0,57.0
2021-09-22,20.29,24.1,16.8,79.7,98,58,266.21,0,1.7,1005.6,2.0,24.7,4.0,6:20,12:24:44,18:29,0 days 12:09:00,0 days 11:51:00,22.195,18.545,0.011,0.035,0.3,0.002,11.0,6.0,46.0
2021-09-23,20.85,25.6,16.9,67.13,86,52,169.5,0,2.5,1009.4,4.6,24.5,4.6,6:21,12:24:23,18:28,0 days 12:07:00,0 days 11:53:00,23.225,18.875,0.016,0.026,0.3,0.002,15.0,8.0,57.0
2021-09-24,21.82,26.8,16.8,67.57,88,48,240.17,0,2.9,1009.5,5.4,24.3,4.3,6:22,12:24:03,18:26,0 days 12:04:00,0 days 11:56:00,24.31,19.31,0.015,0.022,0.3,0.002,15.0,9.0,57.0
2021-09-25,21.09,23.0,18.7,72.74,79,67,237.6,0,2.3,1006.0,9.6,24.1,2.2,6:22,12:23:42,18:24,0 days 12:02:00,0 days 11:58:00,22.045,19.895,0.012,0.017,0.2,0.002,7.0,3.0,29.0
2021-09-26,22.67,27.2,18.5,63.96,80,51,240.31,0,2.4,1002.4,10.0,24.0,0.6,6:23,12:23:21,18:23,0 days 12:00:00,0 days 12:00:00,24.935,20.585,0.009,0.023,0.2,0.002,6.0,3.0,25.0
2021-09-27,21.52,24.6,18.7,65.52,73,55,254.19,0,1.8,1000.7,9.1,23.8,1.4,6:24,12:23:01,18:21,0 days 11:57:00,0 days 12:03:00,23.06,20.11,0.013,0.022,0.2,0.002,9.0,4.0,38.0
2021-09-28,21.49,24.3,19.6,73.7,94,56,277.83,0,2.0,1003.2,5.0,23.7,3.2,6:25,12:22:40,18:20,0 days 11:55:00,0 days 12:05:00,22.895,20.545,0.017,0.017,0.3,0.002,10.0,6.0,42.0
2021-09-29,20.32,21.2,18.3,93.65,98,87,278.73,0,1.4,1003.7,7.1,23.6,3.7,6:26,12:22:20,18:18,0 days 11:52:00,0 days 12:08:00,20.76,19.31,0.022,0.012,0.3,0.002,13.0,7.0,53.0
2021-09-30,20.37,25.8,16.1,83.78,99,63,248.51,0,2.2,1000.5,6.1,23.5,1.7,6:27,12:22:00,18:17,0 days 11:50:00,0 days 12:10:00,23.085,18.235,0.021,0.012,0.4,0.003,19.0,11.0,66.0
2021-10-01,21.34,27.2,17.0,74.91,95,45,243.99,0,2.4,1004.2,0.1,23.5,4.1,6:28,12:21:41,18:15,0 days 11:47:00,0 days 12:13:00,24.27,19.17,0.022,0.027,0.4,0.003,34.0,20.0,97.0
2021-10-02,20.64,26.2,16.5,76.96,95,53,212.47,0,1.7,1007.6,2.0,23.3,4.2,6:28,12:21:22,18:14,0 days 11:46:00,0 days 12:14:00,23.42,18.57,0.021,0.031,0.3,0.003,25.0,14.0,78.0
2021-10-03,22.31,28.7,17.1,70.39,95,40,204.47,0,1.7,1007.0,4.9,23.1,2.0,6:29,12:21:03,18:12,0 days 11:43:00,0 days 12:17:00,25.505,19.705,0.021,0.027,0.4,0.003,34.0,24.0,97.0
2021-10-04,22.62,25.5,19.3,79.7,92,74,206.96,0,2.1,1003.6,5.8,22.8,2.5,6:30,12:20:44,18:11,0 days 11:41:00,0 days 12:19:00,24.06,20.96,0.023,0.019,0.3,0.003,37.0,20.0,105.0
2021-10-05,23.84,26.4,22.1,82.0,90,66,193.44,0,2.6,1006.2,2.3,22.6,4.0,6:31,12:20:26,18:09,0 days 11:38:00,0 days 12:22:00,25.12,22.97,0.017,0.028,0.2,0.003,37.0,16.0,105.0
2021-10-06,18.92,21.5,18.0,92.22,99,84,190.09,0,1.6,1008.5,5.6,22.3,3.4,6:32,12:20:08,18:08,0 days 11:36:00,0 days 12:24:00,20.21,18.46,0.016,0.014,0.3,0.002,6.0,3.0,25.0
2021-10-07,19.56,21.8,18.2,85.3,95,75,173.46,0,2.1,1011.5,7.8,22.0,2.7,6:33,12:19:51,18:06,0 days 11:33:00,0 days 12:27:00,20.68,18.88,0.024,0.012,0.3,0.003,14.0,8.0,55.0
2021-10-08,18.7,20.0,17.5,91.26,94,87,127.59,0,2.5,1012.4,8.4,21.7,1.7,6:34,12:19:34,18:05,0 days 11:31:00,0 days 12:29:00,19.35,18.1,0.025,0.006,0.4,0.003,19.0,11.0,66.0
2021-10-09,20.85,24.0,18.6,83.17,91,73,186.33,0,1.9,1009.1,6.0,21.5,2.3,6:35,12:19:17,18:03,0 days 11:28:00,0 days 12:32:00,22.425,19.725,0.016,0.015,0.3,0.003,10.0,5.0,42.0
2021-10-10,20.22,24.1,15.1,89.35,95,81,202.66,0,1.6,1010.4,0.0,21.3,3.3,6:36,12:19:01,18:02,0 days 11:26:00,0 days 12:34:00,22.16,17.66,0.019,0.018,0.4,0.003,20.0,12.0,68.0
2021-10-11,15.09,17.5,12.6,79.17,90,68,229.75,0,1.7,1013.8,0.5,,3.5,6:36,12:18:46,18:00,0 days 11:24:00,0 days 12:36:00,16.295,13.845,0.013,0.019,0.3,0.003,26.0,10.0,80.0
2021-10-12,18.01,21.3,15.8,66.7,78,55,168.05,0,1.5,1013.5,4.1,21.1,2.6,6:37,12:18:31,17:59,0 days 11:22:00,0 days 12:38:00,19.655,16.905,0.011,0.025,0.2,0.002,10.0,4.0,42.0
2021-10-13,19.57,25.0,14.9,65.87,75,52,169.41,0,1.5,1007.1,7.6,20.9,1.7,6:38,12:18:16,17:58,0 days 11:20:00,0 days 12:40:00,22.285,17.235,0.015,0.023,0.2,0.002,11.0,5.0,46.0
2021-10-14,19.82,23.8,17.4,73.57,86,54,221.05,0,1.4,999.8,5.5,20.8,1.1,6:39,12:18:02,17:56,0 days 11:17:00,0 days 12:43:00,21.81,18.61,0.024,0.021,0.3,0.003,19.0,10.0,66.0
2021-10-15,19.07,21.4,17.0,74.48,85,58,196.05,0,2.0,1000.1,2.0,20.7,2.6,6:40,12:17:49,17:55,0 days 11:15:00,0 days 12:45:00,20.235,18.035,0.016,0.025,0.3,0.003,25.0,13.0,78.0
2021-10-16,11.39,17.5,4.4,48.17,64,32,210.43,0,2.4,1004.6,0.0,20.5,3.5,6:41,12:17:36,17:54,0 days 11:13:00,0 days 12:47:00,14.445,7.895,,,,,,,
2021-10-17,5.64,10.6,1.3,37.91,47,27,267.31,0,1.6,1008.7,0.0,20.4,3.4,6:42,12:17:23,17:52,0 days 11:10:00,0 days 12:50:00,8.12,3.47,,,,,,,
2021-10-18,9.29,15.7,2.9,57.43,91,41,204.73,0,2.1,1008.6,4.0,20.2,2.6,6:43,12:17:12,17:51,0 days 11:08:00,0 days 12:52:00,12.495,6.095,,,,,,,
2021-10-19,11.25,14.5,7.7,74.09,94,49,211.92,0,1.5,1004.4,9.5,19.9,1.2,6:44,12:17:01,17:49,0 days 11:05:00,0 days 12:55:00,12.875,9.475,,,,,,,
2021-10-20,9.61,15.5,4.8,64.35,85,38,243.6,0,3.2,1006.6,1.3,19.8,3.5,6:45,12:16:50,17:48,0 days 11:03:00,0 days 12:57:00,12.555,7.205,,,,,,,
2021-10-21,9.81,15.8,5.0,63.26,86,40,161.3,0,2.3,1009.6,1.1,19.7,3.2,6:46,12:16:40,17:47,0 days 11:01:00,0 days 12:59:00,12.805,7.405,,,,,,,
2021-10-22,10.9,17.2,5.2,59.17,85,34,220.99,0,1.7,1012.2,4.3,19.4,2.3,6:47,12:16:31,17:46,0 days 10:59:00,0 days 13:01:00,14.05,8.05,,,,,,,
2021-10-23,11.48,18.3,5.9,57.04,80,30,185.58,0,1.7,1011.7,3.8,19.1,2.2,6:48,12:16:23,17:44,0 days 10:56:00,0 days 13:04:00,14.89,8.690000000000001,,,,,,,
2021-10-24,11.34,17.6,6.1,63.83,84,38,162.65,0,1.7,1009.4,5.0,18.9,1.6,6:49,12:16:15,17:43,0 days 10:54:00,0 days 13:06:00,14.47,8.719999999999999,,,,,,,
2021-10-25,11.71,17.3,6.4,64.3,88,39,166.08,0,1.4,1007.3,4.0,18.8,2.0,6:50,12:16:08,17:42,0 days 10:52:00,0 days 13:08:00,14.505,9.055,,,,,,,
2021-10-26,12.83,18.7,7.7,73.78,90,50,173.17,0,2.1,1003.8,8.9,18.7,1.4,6:51,12:16:01,17:41,0 days 10:50:00,0 days 13:10:00,15.765,10.265,,,,,,,
2021-10-27,13.69,18.0,10.3,64.52,92,34,173.32,0,1.9,1004.0,3.8,18.7,2.0,6:52,12:15:56,17:39,0 days 10:47:00,0 days 13:13:00,15.845,11.995,,,,,,,
2021-10-28,12.73,19.4,7.2,54.13,74,32,190.18,0,1.4,1007.8,0.0,18.7,2.7,6:53,12:15:51,17:38,0 days 10:45:00,0 days 13:15:00,16.064999999999998,9.965,,,,,,,
2021-10-29,14.62,20.5,10.6,54.57,66,37,219.82,0,1.7,1010.8,0.0,18.7,2.8,6:54,12:15:46,17:37,0 days 10:43:00,0 days 13:17:00,17.56,12.61,0.029,0.023,0.5,0.003,31.0,18.0,91.0
2021-10-30,13.87,17.6,11.1,61.7,70,49,264.07,0,1.7,1011.6,1.1,18.5,2.4,6:55,12:15:43,17:36,0 days 10:41:00,0 days 13:19:00,15.735,12.485,0.031,0.01,0.4,0.003,25.0,14.0,78.0
2021-10-31,14.14,19.9,9.2,71.91,88,48,206.03,0,1.8,1010.9,5.8,18.4,2.0,6:56,12:15:40,17:35,0 days 10:39:00,0 days 13:21:00,17.02,11.67,0.028,0.02,0.5,0.003,31.0,20.0,91.0
2021-11-01,13.03,16.8,10.4,77.09,94,53,213.77,0,2.4,1006.7,9.0,18.3,1.0,6:57,12:15:38,17:34,0 days 10:37:00,0 days 13:23:00,14.915,11.715,0.026,0.025,0.5,0.003,33.0,23.0,95.0
2021-11-02,11.6,16.7,8.0,75.57,96,52,203.93,0,2.9,1005.6,4.6,18.3,3.3,6:58,12:15:37,17:33,0 days 10:35:00,0 days 13:25:00,14.15,9.8,0.028,0.018,0.5,0.003,41.0,29.0,115.0
2021-11-03,11.99,17.0,7.7,70.35,89,37,233.73,0,2.8,1004.5,7.9,18.4,1.3,6:59,12:15:37,17:32,0 days 10:33:00,0 days 13:27:00,14.495,9.845,0.032,0.012,0.5,0.003,37.0,25.0,105.0
2021-11-04,12.26,16.0,8.6,79.65,92,65,193.17,0,2.6,1009.7,5.6,18.5,1.9,7:00,12:15:37,17:31,0 days 10:31:00,0 days 13:29:00,14.13,10.43,0.042,0.008,0.6,0.003,46.0,34.0,127.0
2021-11-05,13.04,20.2,7.9,69.26,96,29,197.07,0,3.3,1005.1,9.1,18.6,0.9,7:01,12:15:39,17:30,0 days 10:29:00,0 days 13:31:00,16.619999999999997,10.47,0.042,0.01,0.7,0.004,60.0,41.0,153.0
2021-11-06,14.16,21.1,8.9,61.17,82,35,100.57,0,4.9,995.9,9.4,18.6,1.5,7:02,12:15:41,17:29,0 days 10:27:00,0 days 13:33:00,17.630000000000003,11.53,0.039,0.016,0.6,0.004,58.0,37.0,152.0
2021-11-07,15.13,20.9,9.7,57.74,77,42,228.14,0,3.2,1010.9,1.6,18.5,2.0,7:03,12:15:44,17:28,0 days 10:25:00,0 days 13:35:00,18.015,12.415,0.025,0.022,0.4,0.003,33.0,21.0,95.0
2021-11-08,9.23,15.4,4.7,80.87,93,60,126.67,0,1.7,1011.6,2.6,18.3,2.3,7:04,12:15:48,17:27,0 days 10:23:00,0 days 13:37:00,12.315,6.965,0.014,0.025,0.3,0.002,9.0,4.0,38.0
2021-11-09,5.01,6.4,3.1,81.74,90,73,143.77,0,2.1,1008.9,5.6,17.9,1.5,7:05,12:15:53,17:26,0 days 10:21:00,0 days 13:39:00,5.705,4.055,0.017,0.021,0.3,0.002,9.0,6.0,38.0
2021-11-10,4.06,7.1,0.7,72.96,90,55,130.62,0,3.9,1015.4,1.1,17.5,2.3,7:06,12:15:59,17:25,0 days 10:19:00,0 days 13:41:00,5.58,2.38,0.016,0.021,0.3,0.002,15.0,8.0,57.0
2021-11-11,5.43,9.1,2.3,61.04,81,51,216.23,0,2.2,1017.8,1.9,17.1,1.8,7:08,12:16:05,17:24,0 days 10:16:00,0 days 13:44:00,7.265,3.865,0.017,0.021,0.3,0.002,19.0,8.0,66.0
2021-11-12,4.59,8.2,1.5,55.96,74,40,189.39,0,2.2,1016.6,0.0,16.7,1.8,7:09,12:16:13,17:23,0 days 10:14:00,0 days 13:46:00,6.395,3.045,0.016,0.019,0.4,0.002,21.0,10.0,70.0
2021-11-13,6.92,12.9,0.6,65.26,79,50,187.34,0,2.3,1017.3,0.0,16.1,1.9,7:10,12:16:21,17:23,0 days 10:13:00,0 days 13:47:00,9.91,3.76,0.034,0.009,0.5,0.003,27.0,14.0,82.0
2021-11-14,11.33,16.2,7.9,68.83,83,39,206.48,0,1.7,1015.9,2.3,15.6,1.7,7:11,12:16:30,17:22,0 days 10:11:00,0 days 13:49:00,13.765,9.615,0.033,0.02,0.6,0.004,49.0,26.0,134.0
2021-11-15,10.21,15.7,5.9,71.26,94,37,180.7,0,1.5,1016.9,4.0,15.1,1.6,7:12,12:16:40,17:21,0 days 10:09:00,0 days 13:51:00,12.955,8.055,0.036,0.013,0.6,0.003,58.0,26.0,152.0
2021-11-16,8.71,13.3,4.6,66.22,91,35,139.35,0,1.9,1008.4,9.0,14.7,0.5,7:13,12:16:51,17:20,0 days 10:07:00,0 days 13:53:00,11.005,6.655,0.034,0.013,0.6,0.003,51.0,24.0,139.0
2021-11-17,7.41,12.2,2.7,63.91,87,37,179.7,0,2.9,1003.1,4.3,14.4,1.4,7:14,12:17:02,17:20,0 days 10:06:00,0 days 13:54:00,9.805,5.055,0.037,0.009,0.5,0.003,36.0,20.0,102.0
2021-11-18,11.57,15.8,7.8,69.7,83,60,163.64,0,3.5,1007.3,0.0,14.2,1.6,7:15,12:17:15,17:19,0 days 10:04:00,0 days 13:56:00,13.685,9.685,0.032,0.027,0.4,0.004,52.0,26.0,142.0
2021-11-19,13.12,16.4,10.8,84.09,94,66,211.62,0,2.4,1006.7,2.6,13.8,1.4,7:16,12:17:28,17:19,0 days 10:03:00,0 days 13:57:00,14.759999999999998,11.96,0.034,0.031,0.6,0.004,90.0,56.0,169.0
2021-11-20,10.47,15.5,7.0,78.39,94,46,162.54,0,1.5,1012.6,0.0,13.5,2.1,7:17,12:17:42,17:18,0 days 10:01:00,0 days 13:59:00,12.985,8.735,0.044,0.014,0.9,0.004,127.0,89.0,188.0
2021-11-21,10.71,13.1,8.6,73.22,92,59,228.11,0,1.7,1010.9,0.0,13.2,2.1,7:18,12:17:57,17:17,0 days 09:59:00,0 days 14:01:00,11.905,9.655,0.037,0.014,0.7,0.004,103.0,76.0,176.0
2021-11-22,3.19,6.8,-0.4,63.04,88,48,136.2,0,1.8,1005.7,4.0,12.9,1.6,7:19,12:18:13,17:17,0 days 09:58:00,0 days 14:02:00,4.995,1.395,0.011,0.025,0.3,0.003,41.0,15.0,115.0
2021-11-23,-0.55,2.0,-3.5,60.43,75,50,180.85,0,3.3,1003.2,4.4,12.8,1.7,7:20,12:18:29,17:17,0 days 09:57:00,0 days 14:03:00,0.725,-2.025,0.012,0.021,0.3,0.002,32.0,11.0,93.0
2021-11-24,3.76,8.9,-2.5,63.43,71,58,195.07,0,3.8,1017.8,0.3,12.7,1.7,7:21,12:18:47,17:16,0 days 09:55:00,0 days 14:05:00,6.33,0.6299999999999999,0.028,0.011,0.4,0.004,27.0,13.0,82.0
2021-11-25,6.0,9.8,3.1,55.87,81,34,208.74,0,1.8,1021.5,1.8,12.7,1.8,7:22,12:19:04,17:16,0 days 09:54:00,0 days 14:06:00,7.9,4.55,0.029,0.015,0.5,0.004,47.0,18.0,129.0
2021-11-26,2.93,7.1,-0.4,56.61,70,37,140.59,0,1.4,1013.6,8.9,12.4,1.2,7:23,12:19:23,17:15,0 days 09:52:00,0 days 14:08:00,5.015,1.265,0.024,0.018,0.4,0.003,26.0,13.0,80.0
2021-11-27,3.36,9.9,-1.3,53.26,70,31,128.02,0,2.4,1003.4,6.8,12.1,0.8,7:24,12:19:43,17:15,0 days 09:51:00,0 days 14:09:00,6.63,1.0299999999999998,0.029,0.013,0.6,0.004,36.0,21.0,102.0
2021-11-28,4.93,12.0,-1.3,52.61,73,29,240.47,0,3.2,1010.4,2.3,11.9,1.5,7:25,12:20:03,17:15,0 days 09:50:00,0 days 14:10:00,8.465,1.815,0.04,0.006,0.7,0.004,45.0,31.0,124.0
2021-11-29,7.54,13.3,2.6,59.78,71,49,173.75,0,2.5,1014.2,4.4,11.8,1.0,7:26,12:20:23,17:14,0 days 09:48:00,0 days 14:12:00,10.42,5.07,0.045,0.005,0.7,0.004,50.0,33.0,137.0
2021-11-30,6.22,8.6,1.1,81.87,99,65,206.55,0,2.8,1017.6,0.0,11.5,1.4,7:27,12:20:45,17:14,0 days 09:47:00,0 days 14:13:00,7.41,3.66,0.027,0.012,0.4,0.003,22.0,16.0,72.0
2021-12-01,-1.07,1.4,-2.8,51.09,60,40,165.41,0,2.0,1015.4,0.1,11.2,1.3,7:28,12:21:07,17:14,0 days 09:46:00,0 days 14:14:00,0.1649999999999999,-1.935,0.011,0.022,0.3,0.003,18.0,11.0,63.0
2021-12-02,0.92,4.8,-4.6,66.52,82,50,249.49,0,2.4,1013.6,4.0,10.9,1.3,7:29,12:21:30,17:14,0 days 09:45:00,0 days 14:15:00,2.86,-1.84,0.023,0.011,0.4,0.003,23.0,14.0,74.0
2021-12-03,2.23,4.4,-1.4,53.65,89,29,207.39,0,1.7,1015.6,0.0,10.5,1.5,7:30,12:21:53,17:14,0 days 09:44:00,0 days 14:16:00,3.3150000000000004,0.415,0.016,0.017,0.4,0.003,22.0,10.0,72.0
2021-12-04,1.37,6.8,-2.6,49.57,64,36,177.58,0,1.6,1011.1,2.5,10.2,1.6,7:31,12:22:17,17:14,0 days 09:43:00,0 days 14:17:00,4.085,-0.615,0.023,0.015,0.4,0.003,23.0,13.0,74.0
2021-12-05,2.94,9.2,-2.2,49.04,62,33,189.13,0,2.0,1006.6,3.8,9.9,1.4,7:32,12:22:42,17:13,0 days 09:41:00,0 days 14:19:00,6.069999999999999,0.3699999999999999,0.032,0.009,0.7,0.004,33.0,23.0,95.0
2021-12-06,5.29,11.9,-0.7,59.87,73,39,193.36,0,2.3,999.2,6.3,9.7,0.8,7:33,12:23:07,17:13,0 days 09:40:00,0 days 14:20:00,8.595,2.295,0.041,0.005,0.6,0.004,38.0,24.0,107.0
2021-12-07,7.02,13.0,2.6,66.91,82,46,174.32,0,2.6,1003.8,1.9,9.6,1.6,7:33,12:23:33,17:13,0 days 09:40:00,0 days 14:20:00,10.01,4.81,0.046,0.004,0.8,0.004,49.0,32.0,134.0
2021-12-08,6.83,13.2,2.1,69.74,91,45,189.07,0,3.0,1002.5,1.4,9.6,1.5,7:34,12:23:59,17:14,0 days 09:40:00,0 days 14:20:00,10.015,4.465,0.041,0.004,0.7,0.004,40.0,24.0,112.0
2021-12-09,6.26,9.6,2.8,70.17,84,59,214.47,0,2.0,1006.8,8.3,9.6,0.7,7:35,12:24:26,17:14,0 days 09:39:00,0 days 14:21:00,7.93,4.529999999999999,0.037,0.002,0.5,0.003,34.0,21.0,97.0
2021-12-10,7.17,8.2,5.9,80.09,94,68,189.12,0,0.0,1012.0,5.6,9.7,0.0,7:36,12:24:53,17:14,0 days 09:38:00,0 days 14:22:00,7.685,6.535,0.034,0.001,0.6,0.003,28.0,18.0,84.0
2021-12-11,6.01,9.3,4.5,83.96,95,68,216.78,0,0.0,1006.7,10.0,9.9,0.5,7:37,12:25:20,17:14,0 days 09:37:00,0 days 14:23:00,7.655,5.255,0.03,0.011,0.7,0.003,63.0,43.0,155.0
2021-12-12,1.72,4.8,-3.5,63.74,88,37,190.63,0,2.7,1010.5,4.9,10.2,1.0,7:37,12:25:48,17:14,0 days 09:37:00,0 days 14:23:00,3.26,-0.89,0.012,0.022,0.5,0.003,41.0,25.0,115.0
2021-12-13,-2.34,1.7,-5.8,43.43,53,28,221.78,0,2.4,1016.9,6.3,10.3,1.3,7:38,12:26:17,17:14,0 days 09:36:00,0 days 14:24:00,-0.3199999999999999,-4.07,0.02,0.016,0.3,0.003,22.0,11.0,72.0
2021-12-14,3.4,8.1,-0.3,62.13,91,48,158.52,0,4.5,1011.7,10.0,10.3,0.4,7:39,12:26:45,17:15,0 days 09:36:00,0 days 14:24:00,5.75,1.55,0.036,0.006,0.4,0.003,32.0,19.0,93.0
2021-12-15,7.29,9.6,5.5,85.52,98,67,196.41,0,3.6,1001.7,10.0,10.2,0.4,7:40,12:27:14,17:15,0 days 09:35:00,0 days 14:25:00,8.445,6.395,0.039,0.012,0.6,0.003,74.0,50.0,161.0
2021-12-16,6.5,9.7,4.2,71.74,89,38,241.17,0,5.2,1011.2,5.6,9.9,1.0,7:40,12:27:43,17:15,0 days 09:35:00,0 days 14:25:00,8.1,5.35,0.037,0.012,0.7,0.004,81.0,52.0,164.0
2021-12-17,-4.82,2.6,-9.9,50.04,67,35,220.05,0,3.2,1022.8,0.0,9.8,1.0,7:41,12:28:13,17:15,0 days 09:34:00,0 days 14:26:00,-1.11,-7.36,0.009,0.023,0.3,0.003,35.0,16.0,99.0
2021-12-18,-6.23,-1.9,-11.1,60.43,93,34,209.85,0,2.2,1023.6,6.9,9.6,0.9,7:41,12:28:42,17:16,0 days 09:35:00,0 days 14:25:00,-4.065,-8.665,0.026,0.012,0.4,0.003,24.0,13.0,76.0
2021-12-19,-0.79,4.0,-5.7,64.22,99,40,188.84,0,1.9,1017.4,6.9,9.2,0.7,7:42,12:29:12,17:16,0 days 09:34:00,0 days 14:26:00,1.605,-3.245,0.025,0.015,0.5,0.003,34.0,15.0,97.0
2021-12-20,4.9,11.0,-0.6,76.17,88,58,181.53,0,3.4,1016.3,2.6,8.8,0.8,7:43,12:29:42,17:17,0 days 09:34:00,0 days 14:26:00,7.95,2.1500000000000004,0.043,0.011,0.7,0.003,53.0,27.0,144.0
2021-12-21,5.68,8.5,1.5,73.39,98,37,213.03,0,3.0,1019.2,0.0,8.5,0.8,7:43,12:30:12,17:17,0 days 09:34:00,0 days 14:26:00,7.09,3.59,0.039,0.012,0.7,0.003,56.0,31.0,151.0
2021-12-22,2.2,8.0,-2.4,46.35,59,31,180.97,0,2.7,1025.0,0.0,8.2,0.8,7:44,12:30:42,17:18,0 days 09:34:00,0 days 14:26:00,5.1,-0.0999999999999998,0.035,0.009,0.5,0.003,33.0,18.0,95.0
2021-12-23,2.65,8.2,-1.4,54.17,67,37,234.53,0,1.8,1025.5,1.4,7.9,1.0,7:44,12:31:11,17:18,0 days 09:34:00,0 days 14:26:00,5.425,0.625,0.047,0.005,0.7,0.004,46.0,27.0,127.0
2021-12-24,0.46,3.2,-6.6,67.0,82,60,161.44,0,1.6,1019.6,5.0,7.6,0.9,7:45,12:31:41,17:19,0 days 09:34:00,0 days 14:26:00,1.83,-3.07,0.032,0.01,0.6,0.003,48.0,31.0,132.0
2021-12-25,-11.36,-8.3,-14.4,42.3,49,31,151.11,0,1.5,1017.4,6.5,7.4,0.6,7:45,12:32:11,17:19,0 days 09:34:00,0 days 14:26:00,-9.83,-12.88,0.009,0.024,0.3,0.003,25.0,13.0,78.0
2021-12-26,-12.15,-7.6,-15.4,42.83,52,31,282.48,0,1.8,1018.0,2.9,7.2,1.1,7:45,12:32:41,17:20,0 days 09:35:00,0 days 14:25:00,-9.875,-13.775,0.009,0.023,0.3,0.002,19.0,10.0,66.0
2021-12-27,-7.85,-4.0,-12.8,58.13,81,40,197.52,0,1.4,1019.4,0.5,7.0,1.0,7:46,12:33:10,17:21,0 days 09:35:00,0 days 14:25:00,-5.925,-10.325,0.036,0.007,0.5,0.003,31.0,17.0,91.0
2021-12-28,-4.27,-0.9,-8.4,73.83,90,58,193.36,0,1.6,1017.7,3.1,6.8,1.1,7:46,12:33:39,17:21,0 days 09:35:00,0 days 14:25:00,-2.585,-6.335,0.044,0.002,0.8,0.004,47.0,32.0,129.0
2021-12-29,0.57,5.5,-3.8,73.35,87,54,126.89,0,1.7,1016.2,4.8,6.7,0.8,7:46,12:34:09,17:22,0 days 09:36:00,0 days 14:24:00,3.035,-1.615,0.035,0.008,0.7,0.004,56.0,38.0,151.0
2021-12-30,-3.63,0.2,-6.7,48.96,61,35,242.87,0,2.6,1006.9,9.5,6.5,0.2,7:47,12:34:37,17:23,0 days 09:36:00,0 days 14:24:00,-1.715,-5.165,0.019,0.019,0.3,0.003,34.0,18.0,97.0
2021-12-31,-6.53,-4.0,-8.8,35.22,42,27,196.02,0,2.0,1006.8,5.8,6.4,0.4,7:47,12:35:06,17:24,0 days 09:37:00,0 days 14:23:00,-5.265000000000001,-7.665000000000001,0.012,0.028,0.3,0.003,25.0,8.0,78.0
